,source,tag,video_id,post_date_utc,description,text_language,category_type,is_aigc,aigc_description,collected,is_reviewing,likes,comments,shares,views,author_follower_count,author_following_count,author_total_likes,author_video_count,datetime
0,TikTok,OliviaHenderson,7573038672262466830,2027-03-20 14:31:59.722000+00:00,When running to social media goes wrong. DoorDash girl has been arrested and charged with 2 felonies. ,en,114,False,,False,False,2019,306,27,49300,62600,765,1000000,687,2025-11-15 13:37:48
1,TikTok,OliviaHenderson,7591774242346257677,2027-05-11 07:20:27.720000+00:00,"Police have now confirmed new details in the Olivia Henderson / “DoorDash girl” case and it changes everything. Authorities say her story did not align with the evidence, there is no evidence of a sexual assault, and that Ring camera footage reportedly shows she opened the door herself. Police also say there is no evidence the man invited her inside, and even her own TikTok video admitted the instructions said to leave the food at the door, not enter the home. We didn’t “switch up.” We didn’t jump on a bandwagon. We noticed inconsistencies from the very beginning and got attacked for it. Now the police are backing what many of us said all along. #fyp #doordash #commentary #tiktoknews #drama",en,114,False,,False,False,52,3,0,4133,10400,0,9322,182,2026-01-05 01:21:23
2,TikTok,OliviaHenderson,7573068947105320222,2027-03-20 16:32:17.807000+00:00,#doordash #oliviahenderson #arrested,un,114,False,,False,False,195,20,12,3048,60400,2906,3800000,914,2025-11-15 15:35:17
3,TikTok,OliviaHenderson,7573593663788436749,2027-03-22 03:17:20.013000+00:00,DoorDash girl ARRESTED for TWO felonies!! #doordashgirl #oliviahenderson,en,114,False,,False,False,156,14,9,20300,10300,0,8135,83,2025-11-17 01:31:27
4,TikTok,OliviaHenderson,7581702595585068319,2027-04-13 12:19:20.010000+00:00,DoorDash girl Olivia Henderson was seen in court and she plead not guilty #fyp #viraltiktok #foryou #irimonsterhighdoll #viralvideo,en,114,False,,False,False,25,6,1,13400,2,0,117,9,2025-12-08 21:58:15
5,TikTok,OliviaHenderson,6908732882416667906,2022-03-13 11:17:57.218000+00:00,asmr?? #asmr#presacanario,en,120,False,,False,False,1,0,0,39,27,222,55,13,2020-12-21 09:32:03
6,TikTok,OliviaHenderson,7565264727253765407,2027-02-27 03:41:06.799000+00:00,#fyp #xyzbca #blowthisup #newyork #doordash TikTok keeps taking my video down,en,114,False,,False,False,1012,75,130,215500,179,843,8555,259,2025-10-25 15:50:55
7,TikTok,OliviaHenderson,7573409509209591070,2027-03-21 15:05:34.140000+00:00,#dayichisme  	#OliviaHenderson 	•	#CasoOlivia 	•	#DoorDashNews 	•	#HistoriaReal,un,114,False,,False,False,160,4,1,9515,32300,464,1200000,1233,2025-11-16 13:36:50
8,TikTok,OliviaHenderson,7564678613115604255,2027-02-25 12:52:06.299000+00:00,The Livie Rose Henderson Case. #analoghorror #truestory #horrorstory #horrortok #scary ,en,120,False,,False,False,4339,187,80,298600,71,0,4482,8,2025-10-24 01:56:30
9,TikTok,OliviaHenderson,7575066502643174686,2027-03-26 04:49:52.160000+00:00,Olivia Henderson aka DoorDash girl has been arrested #viralvideo #trending #fyp #foryoupage,en,114,False,,False,False,857,57,54,37700,12400,3,87100,75,2025-11-21 00:46:49
10,TikTok,OliviaHenderson,7574226100356680990,2027-03-23 21:10:24.641000+00:00,Olivia Henderson AKA “Door Dash Girl” arrested and charged with TWO FELONIES 😬 #oliviahenderson #doordashgirl #doordash #teatok ,en,114,False,,False,False,97,12,1,21000,393600,321,31400000,1259,2025-11-18 18:25:38
11,TikTok,OliviaHenderson,7573056739889728798,2027-03-20 15:43:47.380000+00:00,DoorDash Girl (Olivia Henderson) Update #blacktiktok ,en,114,False,,False,False,6622,438,130,95600,57100,42,14400000,1803,2025-11-15 14:47:55
12,TikTok,OliviaHenderson,7581736026477972749,2027-04-13 14:32:10.556000+00:00,Olivia Henderson aka DoorDash girl has been arrested #viralvideo #trending #fypシ #foryoupage,en,114,False,,False,False,106,8,29,2849,10700,0,11300,50,2025-12-09 00:07:59
13,TikTok,OliviaHenderson,7573920440243031351,2027-03-23 00:55:49.591000+00:00,WE NOW HAVE THE MALE VICTIMS SIDE OF THE STORY! #fyp #news #oliviahenderson #doordash #update,en,114,False,,False,False,1387,76,84,143300,12500,0,42600,42,2025-11-17 22:39:31
14,TikTok,OliviaHenderson,7534830336845335839,2026-12-05 04:05:42.682000+00:00,,un,109,False,,False,False,50,4,1,416,6515,5230,76500,1143,2025-08-04 15:29:57
15,TikTok,OliviaHenderson,7574007746190642462,2027-03-23 06:42:44.951000+00:00,WE NOW HAVE THE MALE VICTIMS SIDE OF THE STORY!#fyp #news #oliviahenderson #doordash #update,en,114,False,,False,False,151,1,6,3837,9896,0,6603,54,2025-11-18 04:18:18
16,TikTok,OliviaHenderson,7573717796299820318,2027-03-22 11:30:35.510000+00:00,Doordash girl was arrested Aka Livie Henderson. This is the last video I'm making on this subject. Trolls will be blocked.,en,114,False,,False,False,130,0,2,3388,30100,1656,2000000,2217,2025-11-17 09:33:09
17,TikTok,OliviaHenderson,7596652548082257165,2027-05-24 18:25:06.442000+00:00,The Secret Lives Of Mormon Wives coming to @hulu 9/6 @secretlivesonhulu 👀😜 #thesecretlivesofmormonwives ,en,109,False,,False,False,55,0,0,920,58,0,7300,49,2026-01-18 04:51:42
18,TikTok,OliviaHenderson,7576957509102030135,2027-03-31 10:04:03.233000+00:00,😳 DoorDash girl ARRESTED for TWO felonies!!#doordashgirl #oliviahenderson,en,114,False,,False,False,347,26,20,61600,10300,0,17600,127,2025-11-26 03:04:53
19,TikTok,OliviaHenderson,7577695325314403639,2027-04-02 10:55:52.326000+00:00,😳 DoorDash girl ARRESTED for TWO felonies!! #doordashgirl #oliviahenderson,en,114,False,,False,False,42,2,0,6731,10,0,249,26,2025-11-28 02:48:00
20,TikTok,OliviaHenderson,7573451606495120653,2027-03-21 17:52:50.915000+00:00,Think before you post ! #storytelling #storytimes #oliviahenderson #doordash #greenscreensticker ,en,114,False,,False,False,13400,431,175,153700,11900,25,409800,46,2025-11-16 16:20:12
21,TikTok,OliviaHenderson,7573549315822521613,2027-03-22 00:21:06.634000+00:00,Replying to @ghettoasskorean #themanicuredmom #doordashgirl #oliviahendersen #falseallegationsruinlives #idontbelieveallwomen ,un,114,False,,False,False,3697,382,74,290800,260000,3374,4800000,2230,2025-11-16 22:39:21
22,TikTok,OliviaHenderson,6961485859023490309,2022-08-06 00:59:26.944000+00:00,Look at the pretty clouds! But not even the clouds look prettier then me 😘💋 anyways I had a wardrobe change 😝 #oliviahendersonisaqueen,en,120,False,,False,False,37,2,0,273,211,68,1229,28,2021-05-12 14:20:33
23,TikTok,OliviaHenderson,7572991365676567838,2027-03-20 11:24:00.953000+00:00,"Replying to @Chris Cadence  @Stephanie, Esq. #irlmonsterhighdoll #oliviahenderson ",un,114,False,,False,False,179,23,5,8625,21900,800,2200000,2220,2025-11-15 10:34:14
24,TikTok,OliviaHenderson,7578480375228321055,2027-04-04 14:55:22.811000+00:00,😳 DoorDash girl ARRESTED for TWO felonies!! #doordashgirl #oliviahenderson ,en,114,False,,False,False,127,10,1,2957,13100,28,160200,766,2025-11-30 05:34:23
25,TikTok,OliviaHenderson,7573263347668323639,2027-03-21 05:24:46.513000+00:00,Olivia Henderson KAK DoorDash Girl has been ARRESTED! 11/15 #fyp #news #breakingnews #truecrime #doordash ,en,114,False,,False,False,122,3,5,19200,12000,1,133900,233,2025-11-16 04:09:39
26,TikTok,OliviaHenderson,7597651587552562446,2027-05-27 12:34:56.013000+00:00,Door Dash girl update 1/20/26  #doordashgirl #oliviahenderson #doordash #doordashdriver #truecrime ,en,114,False,,False,False,146,6,0,5089,76400,6688,3800000,2101,2026-01-20 21:28:29
27,TikTok,OliviaHenderson,7575117750515830071,2027-03-26 08:13:30.605000+00:00,Y’all remember that #DoorDashgirl story from a month ago Well girl girl has been arrested for recording the customer inside of his home and posting it online.#truecrime #doordash #lawandorder,en,114,False,,False,False,47,4,0,4089,782,0,34600,39,2025-11-21 04:05:41
28,TikTok,OliviaHenderson,7573032303660748087,2027-03-20 14:06:41.329000+00:00,Replying to @Briansgurl2018 #doordashgirl #doordash #feminist #feminism #womanism ,un,110,False,,False,False,12,14,2,2169,3183,1865,469600,7151,2025-11-15 13:13:05
29,TikTok,OliviaHenderson,7573843584693144862,2027-03-22 19:50:25.800000+00:00,#doordashgirl #oliviahenderson #doordash #olivia #arrested ,un,104,False,,False,False,850,59,23,41400,12000,6799,125600,873,2025-11-17 17:41:16
30,TikTok,OliviaHenderson,7573144913982934303,2027-03-20 21:34:09.722000+00:00,😳 DoorDash girl ARRESTED for TWO felonies!! #doordashgirl #oliviahenderson,en,114,False,,False,False,125,3,9,19700,10700,21,60000,68,2025-11-15 20:30:04
31,TikTok,OliviaHenderson,7581573124127313182,2027-04-13 03:44:51.609000+00:00,Doordash girl Oliva Henderson appears in court after being arrested for spreading images of man online. #court #doordash #murder #trial #oswego ,en,114,False,,False,False,4971,155,250,308800,6255,42,137000,315,2025-12-08 13:35:50
32,TikTok,OliviaHenderson,7573162220125736206,2027-03-20 22:42:55.828000+00:00,DoorDash girl ARRESTED for TWO felonies!! #doordashgirl #oliviahenderson,en,114,False,,False,False,131,4,1,1128,10400,0,19100,99,2025-11-15 21:37:14
33,TikTok,OliviaHenderson,7599116294566235447,2027-05-31 13:35:09.378000+00:00,Update: Olivia Henderson Door Dash Employee of 2025 #fyp #foryourpage #greenscreen ,en,114,False,,False,False,1549,37,25,13000,441600,1399,12600000,1550,2026-01-24 20:12:18
34,TikTok,OliviaHenderson,7581358563486911757,2027-04-12 13:32:16.366000+00:00,Update on DoorDash girl aka Olivia Henderson as she made her first court appearance. She was formally charged and entered her plea. She didn’t seem thrilled about the cameras there. #doordashgirl #oliviahenderson #irlmonsterhighdoll #up,en,114,False,,False,False,570,35,28,44500,13100,1,191900,46,2025-12-07 23:43:14
35,TikTok,OliviaHenderson,7352721713009839365,2025-07-20 15:31:03.345000+00:00,✌️,un,110,False,,False,False,100,9,0,3247,339,156,53000,11,2024-03-31 21:35:29
36,TikTok,OliviaHenderson,7574100177879895326,2027-03-23 12:50:02.383000+00:00,WE NOW HAVE THE MALE VICTIMS SIDE OF THE STORY! #fyp #news #oliviahenderson #doordash #update ,en,114,False,,False,False,26,4,0,2097,10100,0,28100,52,2025-11-18 10:16:59
37,TikTok,OliviaHenderson,7589882925668158734,2027-05-06 02:05:02.685000+00:00,,un,113,False,,False,False,2,0,0,51,36,57,141,48,2025-12-30 23:02:06
38,TikTok,OliviaHenderson,7573872977385622839,2027-03-22 21:47:13.564000+00:00,Replying to @ashleean1  PD speaks out regarding Door Dash Girl case!!  #doordash #oliviahenderson #deliverydriver #investigation ,en,114,False,,False,False,131,8,3,6655,76400,6688,3800000,2101,2025-11-17 19:35:20
39,TikTok,OliviaHenderson,7574819452680801567,2027-03-25 12:28:10.859000+00:00,WE NOW HAVE THE MALE VICTIMS SIDE OF THE STORY! #fyp #news #oliviahenderson #doordash #update  ,en,114,False,,False,False,150,3,5,17300,10000,8,91500,153,2025-11-20 08:48:08
40,TikTok,OliviaHenderson,7597360906691038495,2027-05-26 17:19:52.295000+00:00,Update on DoorDash girl aka Olivia Henderson as she made her first court appearance. She was formally charged and entered her plea.She didn't seem thrilled about the cameras there #doordashgirl #oliviahenderson #irlmonsterhighdoll #update #court,en,114,False,,False,False,588,27,21,45200,10200,0,5107,11,2026-01-20 02:40:29
41,TikTok,OliviaHenderson,7579168614847155487,2027-04-06 12:30:11.923000+00:00,Humans are so Back! #fyp #Oliviahenderson #trump #usa #update ,en,114,False,,False,False,149,6,7,5637,16400,61,605500,803,2025-12-02 02:05:06
42,TikTok,OliviaHenderson,7573186412665670926,2027-03-21 00:19:03.779000+00:00,Olivia Henderson #viral #fypシ #doordash #foryoupage #trending ,en,105,False,,False,False,136,9,1,2550,11500,53,2200000,411,2025-11-15 23:11:06
43,TikTok,OliviaHenderson,7581365225257979150,2027-04-12 13:58:44.656000+00:00,Update on DoorDash girl aka Olivia Henderson as she made her first court appearance. She was formally charged and entered her plea. She didn’t seem thrilled about the cameras there. #doordashgirl#oliviahenderson#irlmonsterhighdoll#updat,en,114,False,,False,False,3595,178,192,280000,26900,3,365100,174,2025-12-08 00:09:05
44,TikTok,OliviaHenderson,7573365534431907102,2027-03-21 12:10:49.736000+00:00,DoorDash girl has been arrested #fypシ #foryoupage #irlmonsterhighdoll #doordash #breakingnews ,en,114,False,,False,False,1218,160,24,33800,341300,436,26200000,1818,2025-11-16 10:46:12
45,TikTok,OliviaHenderson,7583248532102991134,2027-04-17 18:42:19.998000+00:00,"DoorDash Girl asked judge for ""no cameras” in courtroom after pleading not guilty #doordashgirl #oliviahenderson #viral #fyp #greenscreen",en,114,False,,False,False,36100,377,1417,497200,88,0,37300,15,2025-12-13 01:57:16
46,TikTok,OliviaHenderson,7576230323000741150,2027-03-29 09:54:28.556000+00:00,Doordash Girl Olivia Henderson Goes To Jail As She Awaits Charges For Unlawful Surveillance #news #fouryou #trending #breaking #react ,en,114,False,,False,False,86,6,14,34800,2500,0,26200,302,2025-11-24 04:03:02
47,TikTok,OliviaHenderson,7465843017472036126,2026-05-28 19:14:44.021000+00:00,,un,110,False,,False,False,54,4,1,542,6515,5230,76500,1143,2025-01-30 16:43:55
48,TikTok,OliviaHenderson,7573577566209002783,2027-03-22 02:13:22.051000+00:00,#fyp #foryou #usa🇺🇸 ,un,114,False,,False,False,20,1,1,966,13800,1,127400,183,2025-11-17 00:28:59
49,TikTok,OliviaHenderson,7126445269289323778,2023-11-04 05:49:15.149000+00:00,oh yeah @oliviaahenderson,en,110,False,,False,False,577,25,3,14000,864,1206,14700,25,2022-07-31 03:07:19
50,TikTok,OliviaHenderson,7241286499805924634,2024-09-16 03:27:18.151000+00:00,I ain't made edit for this fic in time  #ALLFORONEANDONEFORALLWP #OLIVIAHENDERSON  #fanfiction #lucassinclairfanfiction #stfanfic #strangerthings #fanfic #strangerthingsfanfic #fypシ #hopeherondale03wp #foryoupage #maxmayfield #lucasstrangerthings #polyfanfic #lumax #maxmayfieldfanfic #lucassinclairfanfic #lucassinclair #foryou,en,101,False,,False,False,149,9,2,2130,1053,1304,34800,237,2023-06-05 14:29:56
51,TikTok,OliviaHenderson,7580486101102562615,2027-04-10 03:45:25.124000+00:00,"As Dashers, we see things most people never will. We walk into darkness, weather, traffic, and the unknown every single day just to make sure strangers get their food. And lately… with everything happening in the Olivia Henderson situation, people are finally seeing how complicated and dangerous this job can really be. #doordashgirl #oliviahenderson #doordash #falseallegations ",en,114,False,,False,False,53,10,2,16600,29,9,1065,45,2025-12-05 15:17:38
52,TikTok,OliviaHenderson,7573154002578181390,2027-03-20 22:10:16.612000+00:00,Olivia Henderson AKA DoorDash Girl has been ARRESTED! 11/15  and DoorDash Girl has officially been charged and arrested for her crimes #fyp #news #breakingnews #truecrime #doordash  #ForYouPage #doordashdriver #Attorneylife #truecrimetok #tiktoktea  #fired#doordashgirl #arrested #update #irlmonsterhighdoll #Olivia #oliviahenderson #fyp #usa #fypシ #influencer #tiktoker #news #breakingnews #Foryou ,en,114,False,,False,False,968,61,104,164800,13800,55,197500,189,2025-11-15 21:05:20
53,TikTok,OliviaHenderson,7573581397063945502,2027-03-22 02:28:35.398000+00:00,DoorDash girl ARRESTED for TWO felonies!! #doordashgirl #oliviahenderson,en,114,False,,False,False,128,5,3,2445,10100,12,1123,11,2025-11-17 00:43:51
54,TikTok,OliviaHenderson,7573572420846570807,2027-03-22 01:52:55.301000+00:00,Olivia Henderson aka DoorDash girl has been arrested #viralvideo #trending #fyp #foryoupage,en,114,False,,False,False,4898,260,922,514700,9272,0,5652,14,2025-11-17 00:09:01
55,TikTok,OliviaHenderson,7573388168242793758,2027-03-21 13:40:46.057000+00:00,#greenscreen #doordashgirl #oliviahenderson #doordash #justice ,un,114,False,,False,False,169,17,4,3630,24300,7611,497600,1481,2025-11-16 12:14:01
56,TikTok,OliviaHenderson,7573890479520058679,2027-03-22 22:56:46.398000+00:00,WE NOW HAVE THE MALE VICTIMS SIDE OF THE STORY! #fyp #news #oliviahenderson #doordash #update,en,114,False,,False,False,172,7,10,49300,14000,26,196200,108,2025-11-17 20:43:15
57,TikTok,OliviaHenderson,7593941655766469901,2027-05-17 06:52:59.348000+00:00,😛😛,un,110,False,,False,False,34,8,0,266,82,167,935,18,2026-01-10 21:32:03
58,TikTok,OliviaHenderson,7565733795605875981,2027-02-28 10:45:01.409000+00:00,#doordashgirl: #OliviaHenderson update 👀!!  #DoorDash #Irlmonsterhighdoll #doordashdriver ,en,114,False,,False,False,487,351,16,43500,20400,421,895400,360,2025-10-26 22:11:09
59,TikTok,OliviaHenderson,7573700903971147038,2027-03-22 10:23:28.065000+00:00,Olivia Henderson Is NOT A Victim #savictim  #doordasher  #SA #storytimes #doordash,en,114,False,,False,False,40,16,1,2941,1649,489,98400,836,2025-11-17 08:27:36
60,TikTok,OliviaHenderson,7581775505657974047,2027-04-13 17:09:03.126000+00:00,,un,114,False,,False,False,60,3,0,1149,9246,0,3510,34,2025-12-09 02:41:11
61,TikTok,OliviaHenderson,7583347788382031117,2027-04-18 01:16:44.539000+00:00,#irlmonstahighdoll #doordashgirl #olivahenderson #ringdoorbell #proof  Proof Olivia Henderson DoorDash Girl Lied And Opened Door,en,120,False,,False,False,444,26,33,67800,391,1356,5846,126,2025-12-13 08:22:26
62,TikTok,OliviaHenderson,7599094393164795149,2027-05-31 12:08:07.677000+00:00,,un,110,False,,False,False,274,13,0,2797,773,795,4771,16,2026-01-24 18:47:18
63,TikTok,OliviaHenderson,6801524058224741637,2021-05-21 15:08:21.687000+00:00,#greenscreen go follow my new account @x0liviaah,en,120,False,,False,False,23,0,0,6048,153,189,23,1,2020-03-07 11:47:04
64,TikTok,OliviaHenderson,7573792563392531725,2027-03-22 16:27:41.374000+00:00,WE NOW HAVE THE MALE VICTIMS SIDE OF THE STORY! #fyp #news #oliviahenderson #doordash #update ,en,114,False,,False,False,50300,2521,1466,1000000,325300,0,52000000,2014,2025-11-17 14:23:17
65,TikTok,OliviaHenderson,7573619200573345054,2027-03-22 04:58:48.457000+00:00,Olivia Henderson AKA DoorDash Girl has been ARRESTED! #foryou #usa🇺🇸 #news #truecrime #doordash ,en,114,False,,False,False,144,23,9,25200,8801,0,62400,18,2025-11-17 03:10:33
66,TikTok,OliviaHenderson,7575119565064080654,2027-03-26 08:20:43.227000+00:00,😳 DoorDash girl ARRESTED for TWO felonies!! #doordashgirl #oliviahenderson ,en,114,False,,False,False,105,9,8,17600,12200,8,50800,133,2025-11-21 04:12:44
67,TikTok,OliviaHenderson,7566348525336808734,2027-03-02 03:27:44.398000+00:00,Door Dash girl original video #doordash #doorbellcamera #doordashgirl #foodelivery,en,105,False,,False,False,6905,1248,365,1400000,11300,0,72300,37,2025-10-28 13:56:37
68,TikTok,OliviaHenderson,6813863490101529861,2021-06-24 16:20:51.502000+00:00,new account!! follow please. if you are from @henderson_olivia #foryou #indoorworkout,en,120,False,,False,False,29,0,0,2663,49,158,309,7,2020-04-09 18:50:22
69,TikTok,OliviaHenderson,7573007862885109022,2027-03-20 12:29:34.194000+00:00,Major update as DoorDash girl aka Olivia Henderson aka irlmonsterhighgirl has been arrested. #doordash #doordashgirl #arrested #update #irlmonsterhighdoll,en,114,False,,False,False,26700,950,1139,970200,52800,437,3400000,378,2025-11-15 11:38:15
70,TikTok,OliviaHenderson,7573127608959913247,2027-03-20 20:25:23.883000+00:00,DoorDash girl Olivia Henderson has been arrested and is facing two felony charges#doordash #doordashgirl #breakingnews #viral #fyp,en,114,False,,False,False,496,41,16,163400,11200,0,181100,100,2025-11-15 19:22:55
71,TikTok,OliviaHenderson,6961443042054262021,2022-08-05 22:09:18.583000+00:00,"I know, you don’t need to state how pretty I am. 😜💋✨🤞oh also if you wanna be in my cult make your profile the same as mine#oliviahendersonisaqueen",en,120,False,,False,False,30,7,0,259,211,68,1229,28,2021-05-12 11:34:24
72,TikTok,OliviaHenderson,7573433433574083871,2027-03-21 16:40:38.153000+00:00,crazy#viral #fypシ #doordash #foryoupage #trending ,en,114,False,,False,False,88,9,1,1752,11500,53,2200000,411,2025-11-16 15:09:41
73,TikTok,OliviaHenderson,7574754812403715359,2027-03-25 08:11:19.416000+00:00,DoorDash Girls Initial Police Report #truecrimetok #tiktokea #doordash #doordashdriver #arrested,en,114,False,,False,False,410,26,47,78900,33400,8,1600000,7,2025-11-20 04:37:18
74,TikTok,OliviaHenderson,7574187130134547742,2027-03-23 18:35:33.416000+00:00,"Replying to @happyhippie310 #doordash #dasher #oliviahenderson  #fyp #doordashgirl  If you’re going to come at me make sure you know who you’re talking to first. 😮‍💨 she screamed SA, when there was no threat to her, my question remains IF the roles were reversed would you still be defending the door dasher? 🤦‍♀️ BYE. ",en,114,False,,False,False,161,18,1,3770,9708,7798,118800,894,2025-11-18 15:54:24
75,TikTok,OliviaHenderson,7573151931896483102,2027-03-20 22:02:02.923000+00:00,Olivia Henderson AKA DoorDash Girl has been ARRESTED! 1115 #fyp #news #breakingnews #truecrime #doordash,en,114,False,,False,False,2424,174,580,340800,9994,0,21800,36,2025-11-15 20:57:18
76,TikTok,OliviaHenderson,7323024070356782379,2025-04-29 16:43:13.581000+00:00,its giving me fladhbacks to when i tried to do it in 6th grade..,en,110,False,,False,False,18,3,0,143,54,51,599,28,2024-01-11 19:53:27
77,TikTok,OliviaHenderson,7575535617409305886,2027-03-27 11:53:57.836000+00:00,Replying to @Glenn Dale McGee #doordashgirl #oliviahenderson #legaltok #fyp  ,un,105,False,,False,False,855,130,17,50800,2586,559,137100,1342,2025-11-22 07:07:13
78,TikTok,OliviaHenderson,7573141523362057527,2027-03-20 21:20:41.335000+00:00,Olivia Henderson AKA DoorDash Girl has been ARRESTED! 11/15 #fyp #news #breakingnews #truecrime #doordash ,en,114,False,,False,False,77,2,2,10900,14500,23,292700,152,2025-11-15 20:16:55
79,TikTok,OliviaHenderson,7582285318322261262,2027-04-15 02:54:51.937000+00:00,Court is in session #doordash #doordashgirl #oliviahenderson ,en,114,False,,False,False,2109,248,37,39000,80600,5,2600000,257,2025-12-10 11:39:31
80,TikTok,OliviaHenderson,7573833687712927006,2027-03-22 19:11:06.176000+00:00,Major update on DoorDash girl Olivia. The Oswego police department issued a statement with details. #doordash #doordashgirl #irlmonsterhighdoll #oswego #update ,en,114,False,,False,False,45400,1595,2362,757700,52800,437,3400000,378,2025-11-17 17:02:52
81,TikTok,OliviaHenderson,7594528656278506807,2027-05-18 21:45:31.176000+00:00,"Olivia Henderson, AKA DoorDash Girl, Allegedly Arrested on 11/15 — What Really Happened? #truecrime #DoorDash #breakingnews #allegedly #storytime #fyp #foryou #bnc_news #tiktok #news #pov #fypシ #viral #story",en,114,False,,False,False,7,0,0,867,10200,65,2800,71,2026-01-12 11:29:55
82,TikTok,OliviaHenderson,7573390228866583830,2027-03-21 13:48:57.348000+00:00,#fyp #randomcontent #foryouu #blowup? #foryoupage ,un,120,False,,False,False,36,2,0,633,2185,223,479200,427,2025-11-16 12:22:01
83,TikTok,OliviaHenderson,7573548831573282103,2027-03-22 00:19:11.180000+00:00,OLivia Henderson AKA DoorDash Girl has been ARRESTED! #foryou #fyp #usa🇺🇸 #truecrime #doordash ,en,114,False,,False,False,28,1,0,5382,10700,0,463800,90,2025-11-16 22:37:29
84,TikTok,OliviaHenderson,7597527444555402526,2027-05-27 04:21:38.016000+00:00,Tiktok DoorDash Girl Trial Update straight out of court: Things got worse for Olivia Henderson known online as the DoorDash Girl. For allegedly opening the door to her customer and filmed him nude within his home and posted it on TikTok. It seems like the prosecutors have divested the case to county court which is a higher level court. This move makes it look like it’s less likely for her to get a slap on the wrist. She’s currently facing 2 felonies: unlawful surveillance and dissemination of an unlawful surveillance. Which has a max penalty of 8 years in prison combined and minimum sentence of a couple years on probation.,en,114,False,,False,False,958,32,23,21100,28900,154,1400000,385,2026-01-20 13:26:45
85,TikTok,OliviaHenderson,7566634207510809887,2027-03-02 22:22:56.336000+00:00,#stitch with @skiii.2025 #realisrare💯 #doordashgirl #imfamous #fypシ ,un,105,False,,False,False,12,0,4,7283,3989,4750,10800,672,2025-10-29 08:25:12
86,TikTok,OliviaHenderson,7576221692809186573,2027-03-29 09:20:10.958000+00:00,Doordash Girl Olivia Henderson Goes To Jail As She Awaits Charges For Unlawful Surveillance #news #fouryou #trending #breaking #react ,en,114,False,,False,False,71,6,2,12800,2500,0,26200,302,2025-11-24 03:29:33
87,TikTok,OliviaHenderson,7574520679517719863,2027-03-24 16:40:57.786000+00:00,Final thoughts on that! #fyp #doordashgirl ,en,105,False,,False,False,163,24,4,4646,14800,4195,2000000,1283,2025-11-19 13:28:45
88,TikTok,OliviaHenderson,7598325818925862175,2027-05-29 09:14:05.299000+00:00,Door dash girl update / Olivia Henderson ,en,114,False,,False,False,591,33,6,11700,57100,42,14400000,1803,2026-01-22 17:04:51
89,TikTok,OliviaHenderson,7575998193444441399,2027-03-28 18:32:04.557000+00:00,"Replying to @LaVar Jay to be clear, she’s already released lol she isnt in jail. But you guys!! Olivia Henderson can easily argue against her charges!! Praying she doesn’t plead guilty in Jesus’s holy name!! #greenscreen #doordash #feminist #leftisttiktok #survivors",en,114,False,,False,False,70,28,0,4288,736,1506,17200,338,2025-11-23 13:02:15
90,TikTok,OliviaHenderson,7585043072292064525,2027-04-22 17:33:11.720000+00:00,DoorDash girl Olivia Henderson was seen in court and she plead not guilty #fypシ #viraltiktok #foryou #irlmonsterhighdoll #viralvideo,en,114,False,,False,False,64,2,4,5859,27500,55,350700,309,2025-12-17 22:01:00
91,TikTok,OliviaHenderson,7597462688549063949,2027-05-27 00:04:18.981000+00:00,"Disclaimer: I misspoke in my excitement. What I meant is that her case has moved into Superior Court, which is where it proceeds through motions and hearings and, if it doesn’t resolve by plea, it can go to a jury trial. A grand jury is only used to decide whether there’s enough probable cause for an indictment, it is not the trial. #themanicuredmom #doordashgirl #oliviahenderson #falseallegations #falseallegationsruinlives",en,114,False,,False,False,2659,100,53,67000,260000,3374,4800000,2230,2026-01-20 09:15:27
92,TikTok,OliviaHenderson,7575048726956363039,2027-03-26 03:39:14.106000+00:00,Mb for the chapped lips but she crazy asl thinking it wouldn’t be any reprucussions #fyp #xyzbca #oliviahenderson #doordash ,en,105,False,,False,False,67,7,0,1058,672,277,78400,135,2025-11-20 23:37:50
93,TikTok,OliviaHenderson,7574131937179110686,2027-03-23 14:56:14.390000+00:00,#doordashgirl #doordashdriver #OliviaHenderson @B 🏳‍🌈🏳️‍⚧️  so this is absolutely hilarious. This kid is so out of touch with reality. He thinks I’m mad. I’m getting a kick out of this.,en,120,False,,False,False,4,1,0,169,4466,1080,7828,213,2025-11-18 12:20:14
94,TikTok,OliviaHenderson,7539561917631810846,2026-12-18 05:27:19.450000+00:00,Maybe Kaylee’s way of keeping her brother’s heart safe was by bringing Olivia into his life 🤍✨ What do you all think about their story? 💭 #kayleegoncalves #chroniclesofolivia #idaho4 #truecrime #fypシ ,en,114,False,,False,False,1331,40,57,50800,130000,294,11600000,1775,2025-08-17 09:30:54
95,TikTok,OliviaHenderson,7573288786411408671,2027-03-21 07:05:51.582000+00:00,"olivia henderson, the doordash delivery woman, has been taken into custody for 2 counts of felony charges. the way that people are talking about this situation genuinely breaks my heart. with the current president of the u.s. having been charged with SAing a woman, i’m saddened to say i’m not surprised. if you’re a victim of SA, i believe you. if you’re a victim of SA, no matter how you respond, it is not your fault.  the video clip in the video is from @Beatriz  #doordash #olivia #delivery ",en,114,False,,False,False,1053,249,38,40600,24500,1064,1000000,423,2025-11-16 05:48:22
96,TikTok,OliviaHenderson,7573511541677493535,2027-03-21 21:51:00.576000+00:00,Olivia Henderson AKA DoorDash Girl has been ARRESTED! #fyp #news #breakingnews #truecrime #doordash,en,114,False,,False,False,64,9,0,1022,10400,0,9773,12,2025-11-16 20:12:46
97,TikTok,OliviaHenderson,7573027065612602638,2027-03-20 13:45:52.481000+00:00,Replying to @.envxsi #oliviahendersonisaqueen #oliviahendersonarmy #doordashgirl #doordash #fyp ,un,110,False,,False,False,111,223,9,25500,3183,1865,469600,7151,2025-11-15 12:52:46
98,TikTok,OliviaHenderson,7573515149957532958,2027-03-21 22:05:20.857000+00:00,DoorDash girl has been arrested and charged for recording the man in his home when she was supposed to be dropping off food #foryou #doordash #olivia ,en,114,False,,False,False,23,0,6,1763,49400,1,464900,255,2025-11-16 20:26:47
99,TikTok,OliviaHenderson,7573608276768623903,2027-03-22 04:15:24.019000+00:00,"i support olivia henderson, the doordash delivery woman. the police & the legal system do not protect victims or marginalized communities. poc, the unhoused, & women have been denied justice historically due to systemic prejudice. legality does not dictate morality & i stand with the victim.  #olivia #doordash #delivery ",en,114,False,,False,False,4598,621,124,35900,24500,1064,1000000,423,2025-11-17 02:28:09
100,TikTok,OliviaHenderson,7573476816464219422,2027-03-21 19:33:01.440000+00:00,"Predators and thoughtless bums dni, this is not a ground for open debate so yes anyone disagreeing with me or spouting bs will be deleted😝",en,114,False,,False,False,45,5,1,1667,2145,51,470500,310,2025-11-16 17:58:01
101,TikTok,OliviaHenderson,7589871649986579767,2027-05-06 01:20:14.353000+00:00,,un,113,False,,False,False,2,0,0,42,36,57,141,48,2025-12-30 22:18:21
102,TikTok,OliviaHenderson,7582585280918572318,2027-04-15 22:46:48.593000+00:00,The infamous DoorDash driver who posted a customer naked on social media had her first court date #doordashgirl #oliviahenderson #viral #fyp #greenscreen ,en,114,False,,False,False,328,12,15,16200,18100,6,448400,143,2025-12-11 07:03:31
103,TikTok,OliviaHenderson,7581322510487080247,2027-04-12 11:09:00.661000+00:00,but don’t worry as long as it happens multiple times first they might actually do something! #oliviahenderson #fypage #doordashdriver #sa #storytime #women #doordashgirl #police #crimetok ,en,114,False,,False,False,73,107,1,3968,703,6,264200,65,2025-12-07 21:23:19
104,TikTok,OliviaHenderson,7576357354002779422,2027-03-29 18:19:15.107000+00:00,"it’s getting weird. I’m telling yall since the Amber Heard trial it’s been downhill. that smear campaign really did a number on the public.  and especially after the recent smear campaign against Olivia Henderson too. this is getting insanely scary, this behavior against victims is not normal. #kierabreaugh #abuseawareness ",en,114,False,,False,False,1113,56,7,29200,13100,2092,2200000,1514,2025-11-24 12:15:59
105,TikTok,OliviaHenderson,7582413679518289183,2027-04-15 11:24:55.631000+00:00,DOORDASH GIRL LOST FOR WORDS AFTER FIRST COURT APPEARANCE 😬 #yaboyant #doordash #girl #arrested #prison ,en,114,False,,False,False,1853,34,57,60100,74300,52,3900000,1344,2025-12-10 19:57:37
106,TikTok,OliviaHenderson,7573639890433363231,2027-03-22 06:21:01.304000+00:00,Olivia Henderson aka DoorDash girl has been arrested #viralvideo #trending #fypシ #foryoupage,en,114,False,,False,False,35,6,2,20200,9927,3,32100,65,2025-11-17 04:30:50
107,TikTok,OliviaHenderson,7572959723155180831,2027-03-20 09:18:16.788000+00:00,"She’s been arrested yall #doordashgirl #fyp #lol #oliviahenderson @Stephanie, Esq. ",en,114,False,,False,False,121,11,3,7807,2586,559,137100,1342,2025-11-15 08:31:26
108,TikTok,OliviaHenderson,7574134205295168799,2027-03-23 15:05:15.151000+00:00,"TLDW Don’t post until you need to, don’t implicate yourself, report first, court of public opinion second. #doordasher #oliviahenderson #scandal #viraltiktok #lessons ",en,114,False,,False,False,38,8,0,496,16000,567,1800000,1668,2025-11-18 12:29:02
109,TikTok,OliviaHenderson,7595800010357247245,2027-05-22 09:57:25.609000+00:00,Fake #doordash victim?? Yup lets talk about #oliviahenderson and her fake victim outcry! #truecrime #truecrimetok #letstalkaboutit ,en,114,False,,False,False,6,0,0,211,153,43,813,35,2026-01-15 21:43:25
110,TikTok,OliviaHenderson,7573920540692352286,2027-03-23 00:56:13.540000+00:00,WE NOW HAVE THE MALE VICTIMS SIDE OF THE STORY! #fyp #news #oliviahenderson #doordash #update,en,114,False,,False,False,68,4,4,6785,14600,15,599000,79,2025-11-17 22:39:54
111,TikTok,OliviaHenderson,7579927115605462279,2027-04-08 14:44:12.596000+00:00,aye,hi,119,False,,False,False,6717,25,234,142500,4794,713,127400,5,2025-12-04 03:08:29
112,TikTok,OliviaHenderson,7578577825473613078,2027-04-04 21:22:36.760000+00:00,Will es el protegido de Livi 💚#historias #oliviahenderson #willbyers #strenger_things #paratiiiiiiiiiiiiiiiiiiiiiiiiiiiiiii ,es,101,False,,False,False,5546,35,94,53400,1264,24,74700,33,2025-11-30 11:52:33
113,TikTok,OliviaHenderson,7573909044209962271,2027-03-23 00:10:32.565000+00:00,WE NOW HAVE THE MALE VICTIMS SIDE OF THE STORY! #fyp #news #oliviahenderson #doordash #update ,en,114,False,,False,False,196,9,3,19100,14600,3,110700,230,2025-11-17 21:55:17
114,TikTok,OliviaHenderson,7573171580776287502,2027-03-20 23:20:07.581000+00:00,DoorDash girl Olivia Henderson has been arrested and is facing two felony charges#doordash #doordashgirl #breakingnews #viral #fyp,en,114,False,,False,False,83,10,1,3699,9808,0,176700,48,2025-11-15 22:13:33
115,TikTok,OliviaHenderson,7573150399742348574,2027-03-20 21:55:57.629000+00:00,Olivia Henderson AKA DoorDash Girl has been ARRESTED! 11/15 #fyp #news #breakingnews #truecrime #doordash,en,114,False,,False,False,323,30,102,121200,12400,0,16900,48,2025-11-15 20:51:22
116,TikTok,OliviaHenderson,7573122322249338126,2027-03-20 20:04:23.433000+00:00,Replying to @riverbrian #themanicuredmom #doordashgirl #oliviahendersen #falseallegationsruinlives #toxicwomenbelike ,un,114,False,,False,False,29700,1918,1953,1200000,260000,3374,4800000,2230,2025-11-15 19:02:24
117,TikTok,OliviaHenderson,7582171162948422943,2027-04-14 19:21:15.175000+00:00,"The truth about the DoorDash camera footage. People are still confused, so here’s what was actually confirmed in court. #DoorDashUpdate #OliviaHenderson #RingCamera #CaseUpdate #CourtNews #ViralStory #TrendingNow #ForYou #FYP #SafetyFirst",en,114,False,,False,False,128,12,2,23500,10400,69,9172,81,2025-12-10 04:16:32
118,TikTok,OliviaHenderson,7581379114276326669,2027-04-12 14:53:56.056000+00:00,I'm probably not gonna make anymore videos about this . argue with ya mama  ... #fyp #doordashgirl #oliviahenderson #sa #court,en,114,False,,False,False,89,51,0,5953,1329,481,32100,289,2025-12-08 01:02:58
119,TikTok,OliviaHenderson,7573092709662035255,2027-03-20 18:06:43.242000+00:00,Replying to @Albino-poet #doordashgirl #survivors #doordash #oliviahenderson ,un,114,False,,False,False,31,3,1,1095,6561,3747,134200,2465,2025-11-15 17:07:30
120,TikTok,OliviaHenderson,7578211687602425102,2027-04-03 21:07:42.689000+00:00,#VictimBlaming #DoorDashGirl #OliviaHenderson #MakeAmericaMoralAgain #RageBait ,un,114,False,,False,False,75,11,0,1357,12700,3766,162900,693,2025-11-29 12:11:44
121,TikTok,OliviaHenderson,7574649255755812109,2027-03-25 01:11:52.750000+00:00,WE NOW HAVE THE MALE VICTIMS SIDE OF THE STORY! #fyp #news #oliviahenderson #doordash #update,en,114,False,,False,False,307,6,12,32100,9651,4,4486,46,2025-11-19 21:47:41
122,TikTok,OliviaHenderson,7573041033341078798,2027-03-20 14:41:22.647000+00:00,#doordashgirl #survivors #doordash #oliviahenderson ,un,120,False,,False,False,58,12,1,1884,6561,3747,134200,2465,2025-11-15 13:46:58
123,TikTok,OliviaHenderson,7577044745529101590,2027-03-31 15:50:42.018000+00:00,"well, Olivia Henderson got taught a valuable lesson about accountability. hopefully she understands that you can't do what she did without repercussions. #doordashgirl #arrested #oliviahenderson #fyp  #reacting ",en,114,False,,False,False,1348,24,10,129600,18200,36,385600,434,2025-11-26 08:43:25
124,TikTok,OliviaHenderson,7573161234250403103,2027-03-20 22:39:00.777000+00:00,DoorDash girl ARRESTED for TWO felonies!!#doordashgirl #oliviahenderson,en,114,False,,False,False,1183,50,183,244200,9644,0,8878,25,2025-11-15 21:33:24
125,TikTok,OliviaHenderson,7573310131337694478,2027-03-21 08:30:40.609000+00:00,😳 DoorDash girl ARRESTED for TWO felonies!!#doordashgirl #oliviahenderson,en,114,False,,False,False,154,10,16,3553,10300,0,32900,132,2025-11-16 07:11:12
126,TikTok,OliviaHenderson,7439126240151375150,2026-03-16 01:51:47.934000+00:00,No choice,en,110,False,,False,False,39,2,1,1094,82,167,935,18,2024-11-19 16:49:10
127,TikTok,OliviaHenderson,7465441123121499423,2026-05-27 16:37:44.941000+00:00,,un,110,False,,False,False,28,6,0,259,6515,5230,76500,1143,2025-01-29 14:44:21
128,TikTok,OliviaHenderson,7573054121951890718,2027-03-20 15:33:23.215000+00:00,DoorDash lady arrested #doordash #oliviahenderson #doordashlady #makecontent #makecontent ,en,114,False,,False,False,149,8,1,3664,35000,4514,952100,2242,2025-11-15 14:37:45
129,TikTok,OliviaHenderson,7598287476804816141,2027-05-29 06:41:43.825000+00:00,well she’s clearly not an actress…but this proves she was very into crime…#kaylie #imrealllypretty #jodiarias #truecrime,en,101,False,,False,False,86600,646,3972,1400000,5256,40,5900000,130,2026-01-22 14:36:03
130,TikTok,OliviaHenderson,7576593084419525902,2027-03-30 09:55:57.618000+00:00,"Hey there @irlmonsterhighdoll, how’s it going? #DoorDash #DoorDashGirl #ImTheVictim #Felony #ByeFelicia #SYBAU #Prison #FalseReport #IToldYouSo #Olivia #OliviaHenderson #fyp",en,110,False,,False,False,71,3,12,15400,2614,7628,118000,513,2025-11-25 03:30:44
131,TikTok,OliviaHenderson,7573215836022820110,2027-03-21 02:15:58.854000+00:00,"""Door Dash Girl"", Olivia Henderson, has been arrested and charged with two felonies related to recording a customer in his home and posting the video online. Henderson had been deactivated by #DoorDash after publicly sharing the footage, as sharing videos taken inside a customer's home is a violation of company policy regarding privacy. Henderson initially posted the video on TikTok, claiming she had been sexually assaulted when she arrived at a customer's home to find the door open and the man lying on the couch, naked from the waist down. However, further details and potential security camera footage suggested she pushed the door open and entered the home without permission to film the customer, who was reportedly passed out.  #explore #fyp #DoorDashGirl ",en,114,False,,False,False,62,3,3,27300,4649,40,281400,532,2025-11-16 01:05:17
132,TikTok,OliviaHenderson,7573622268304084254,2027-03-22 05:10:59.861000+00:00,Doordash girl Arrested#OliviaAnderson #DoorDash #PrivacyViolation #FelonyCharges #CrimeNews #ViralVideo #InternetSafety #Accountability #BreakingNews ,en,114,False,,False,False,41,6,0,3311,10800,0,69200,8,2025-11-17 03:22:27
133,TikTok,OliviaHenderson,7585664387461991694,2027-04-24 10:42:04.800000+00:00,"My Friends, This Is Olivia Henderson’s Little Sister Defending Her Own Sister Even Though Her Own Sister Is Wrong For What She Did To A Innocent Man, My Friends. #oliviahenderson #thedoordashergirl #crazykarens #karensgoingwild #OswegoNewYork  ",en,114,False,,False,False,0,0,0,137,0,0,4,8,2025-12-19 14:12:01
134,TikTok,OliviaHenderson,7573161249744096543,2027-03-20 22:39:04.471000+00:00,Update: Olivia Henderson aka  DoorDash girl has been  arrested#foryou #breakingnews #news #doordash #doordashgirl ,en,114,False,,False,False,376,28,32,68300,173600,0,4100000,437,2025-11-15 21:33:28
135,TikTok,OliviaHenderson,7577954001912843551,2027-04-03 04:03:45.633000+00:00,@jules is shadowbanned #doordashgirl #doordashdriver #oliviahenderson #doordash,un,105,False,,False,False,66,38,8,12200,4466,1080,7828,213,2025-11-28 19:31:47
136,TikTok,OliviaHenderson,7573498104100506911,2027-03-21 20:57:36.808000+00:00,@aurajunkie #doordashgirl ##doordashdriver #OliviaHenderson ,un,120,False,,False,False,10,5,9,2827,4466,1080,7828,213,2025-11-16 19:20:38
137,TikTok,OliviaHenderson,6888855083052698886,2022-01-17 14:50:40.538000+00:00,,un,120,False,,False,False,4,2,0,136,70,66,48,8,2020-10-28 20:56:03
138,TikTok,OliviaHenderson,7573597953470876959,2027-03-22 03:34:22.753000+00:00,Olivia Henderson AKA DoorDash Girl has been ARRESTED!#foryou #fyp #truecrime #doordash ,en,114,False,,False,False,13,1,7,1149,46500,0,266200,351,2025-11-17 01:48:06
139,TikTok,OliviaHenderson,7581198192469970206,2027-04-12 02:55:00.936000+00:00,DoorDash girl Olivia Henderson was seen in court and she plead not guilty #fypシ #viraltiktok #foryou #irlmonsterhighdoll #viralvideo ,en,114,False,,False,False,53200,2796,1102,690700,341300,436,26200000,1818,2025-12-07 13:20:54
140,TikTok,OliviaHenderson,7581419188342770974,2027-04-12 17:33:10.458000+00:00,Here’s what happened at DoorDash Girls Arraignment #viralvideo #foryoupage #attorneylife #doordash #doordashgirl,en,114,False,,False,False,423,13,8,39600,10100,0,29600,79,2025-12-08 03:38:29
141,TikTok,OliviaHenderson,7583497785421450527,2027-04-18 11:12:46.620000+00:00,Oh Olivia… #doordashgirl ,en,120,False,,False,False,37,6,0,947,5878,5756,73600,356,2025-12-13 18:04:30
142,TikTok,OliviaHenderson,7573056840292961567,2027-03-20 15:44:11.318000+00:00,"Y’all remember that #DoorDashgirl story from a month ago? Well girl girl has been arrested for recording the customer inside of his home and posting it online.  What originally happened is that the Dasher, Olivia Henderson, went to deliver food and saw  the customer passed out with no pants on and the door wide open. She assumed that he intentionally flashed her and recorded as proof and then posted it online exposing his first name and the house number. It is important to note that there is no conclusive proof that Olivia physically went inside of his house, she just recorded from the outside. She went viral for saying that she was SA’d even though people are debating whether being indecently exposed to counts as SA. #truecrime #doordash #lawandorder ",en,114,False,,False,False,16100,666,440,201400,290800,685,50400000,1660,2025-11-15 14:48:18
143,TikTok,OliviaHenderson,7581733123671543071,2027-04-13 14:20:38.473000+00:00,Olivia Henderson aka DoorDash girl has been arrested #viralvideo #trending #fyp #foryoupage,en,114,False,,False,False,614,44,56,78200,12400,3,87100,75,2025-12-08 23:56:43
144,TikTok,OliviaHenderson,7573090974365256990,2027-03-20 17:59:49.515000+00:00,"""Doordash Girl"" Olivia Henderson got arrested for posting the videos of Austin N. #doordash #sa #newyork #controversy #fyp ",en,114,False,,False,False,2280,344,91,222900,25100,9997,598800,1814,2025-11-15 17:00:46
145,TikTok,OliviaHenderson,7573545335025437965,2027-03-22 00:05:17.538000+00:00,Arrestan a @irlmonsterhighdoll por “S3S54L 4SS4LT” ,es,114,False,,False,False,287,15,18,10900,132500,457,7500000,1309,2025-11-16 22:23:55
146,TikTok,OliviaHenderson,7582384368556018958,2027-04-15 09:28:27.353000+00:00,DoorDash delivery girl regrets filming the man passed out sleeping in his couch after realizing just how bad her first court appearance would be😭🙏 #asmongold #doordash #oliviahenderson #fyp #viral,en,114,False,,False,False,17500,85,337,513600,185900,5,29100000,387,2025-12-10 18:03:52
147,TikTok,OliviaHenderson,7581651457435356471,2027-04-13 08:56:07.725000+00:00,#doordashgirl #oliviahernandez #court #doordashgirlsastory #viral,un,114,False,,False,False,40,3,0,3655,33000,625,1100000,1234,2025-12-08 18:39:48
148,TikTok,OliviaHenderson,7574792766123789599,2027-03-25 10:42:08.288000+00:00,,un,120,False,,False,False,95,3,5,7468,10200,25,45200,113,2025-11-20 07:04:35
149,TikTok,OliviaHenderson,7582431283586878733,2027-04-15 12:34:52.768000+00:00,"Livvie Rose Henderson, a #DoorDash driver, went #viral after filming a naked, unconscious man during an October 12, 2025 #delivery and posting it online while claiming he exposed himself. Police later said the man was incapacitated and not acting intentionally, and Henderson was arrested on November 10 for unlawful surveillance and sharing the footage. She was #fired from DoorDash, and the case sparked debate over privacy, safety, and social media posting during deliveries. 👀‼️  Via 🔌:  WSYR 9 #theauxtalk       ",en,114,False,,False,False,13,4,2,1983,3962,1,690500,494,2025-12-10 21:05:56
150,TikTok,OliviaHenderson,7574090008529816845,2027-03-23 12:09:37.821000+00:00,I’m the victim. #,en,120,False,,False,False,262,52,10,65300,259,41,262,1,2025-11-18 09:37:31
151,TikTok,OliviaHenderson,7572973907888704782,2027-03-20 10:14:38.692000+00:00,"#greenscreen what are your thoughts? All parties are considered innocent until proven guilty. I’m sharing an update on the situation with the information that is available to the public. Most of my information I got from @Stephanie, Esq. #doordash #doordashgirl ",en,114,False,,False,False,3014,196,186,80200,325700,823,42400000,4287,2025-11-15 09:26:29
152,TikTok,OliviaHenderson,7573776292429024543,2027-03-22 15:23:02.074000+00:00,@aurajunkie #doordashgirl #doordashdriver #OliviaHenderson #law ,un,114,False,,False,False,30,17,6,4135,4466,1080,7828,213,2025-11-17 13:20:09
153,TikTok,OliviaHenderson,7573044900816538935,2027-03-20 14:56:44.725000+00:00,Did the DoorDash girl Olivia Henderson    @irlmonsterhighdoll deserve to be arrested? Olivia is being charged with unlawful surveillance and dissemination after she posted a video of a DoorDash customer n*de on his couch. #doordashgirl #arrested #doordashdriver #irlmonsterhighdoll #newyork ,en,114,False,,False,False,686,227,62,154200,106500,5153,11200000,1520,2025-11-15 14:01:58
154,TikTok,OliviaHenderson,7573257956578315533,2027-03-21 05:03:21.177000+00:00,DoorDash GIRL ARRESTED AND CHARGED. #FYP #doordash #legaldrama #ovliviahenderson #lies   ,en,114,False,,False,False,365,48,45,63200,10700,0,18400,32,2025-11-16 03:48:44
155,TikTok,OliviaHenderson,7597431567492975885,2027-05-26 22:00:39.143000+00:00,WE NOW HAVE THE MALE VICTIMS SIDE OF THE STORY! #fypシ #update #tiktok #story #storytime #pov #viral #oliviahenderson #fyp #doordash #bnc_news #foryou #news,en,114,False,,False,False,38,6,2,2525,11000,0,32100,182,2026-01-20 07:14:41
156,TikTok,OliviaHenderson,7573141183472422199,2027-03-20 21:19:20.299000+00:00,,un,114,False,,False,False,67,2,1,3483,15800,5,158300,56,2025-11-15 20:15:36
157,TikTok,OliviaHenderson,7582608456713129246,2027-04-16 00:18:54.133000+00:00,Olivia Henderson made a HUGE mistake that was completely avoidable. The lesson here? STOP POSTING EVERYTHING ONLINE! ,en,114,False,,False,False,3127,111,40,18300,248500,229,13800000,3448,2025-12-11 08:33:27
158,TikTok,OliviaHenderson,7573781563805027598,2027-03-22 15:43:58.868000+00:00,A lot of people need to understand that not everything needs to be discourse #fyp #dating #men #women #fypシ m,en,114,False,,False,False,63600,1759,1499,503800,86400,2,6000000,978,2025-11-17 13:40:36
159,TikTok,OliviaHenderson,7580972527829208350,2027-04-11 11:58:18.293000+00:00,Door Dash Girl Olivia Henderson has been charged ,en,114,False,,False,False,2038,29,8,13600,129800,496,3800000,865,2025-12-06 22:45:13
160,TikTok,OliviaHenderson,7573047291670482207,2027-03-20 15:06:14.749000+00:00,Olivia “Livie Rose” Henderson has officially been charged for the Oct. 12 incident where she recorded and exposed a man who was found underdressed in his home as she was making a DoorDash delivery #fyp #doordash #fyppppppppppppppppppppppp ,en,114,False,,False,False,1921,170,60,91200,1613,22,92800,170,2025-11-15 14:11:15
161,TikTok,OliviaHenderson,7573849309318237454,2027-03-22 20:13:10.657000+00:00,Olivia Henderson AKA DoorDash Girl has been ARRESTED! #fyp #news #breakingnews #truecrime #doordash,en,114,False,,False,False,116,9,2,1744,11800,0,12300,82,2025-11-17 18:03:29
162,TikTok,OliviaHenderson,7575288190936862007,2027-03-26 19:30:46.768000+00:00,"And then they automatically believe Austin’s statement that he didn’t do it on purpose as if a guilty person would admit it, all while discounting the many service workers who have said that what he did is a common strategy for predatory exhibitionists #oliviahenderson #misogyny #criticalthinking #doordashdriver #factchecking ",en,114,False,,False,False,245,30,2,17900,6569,569,5800000,359,2025-11-21 15:07:05
163,TikTok,OliviaHenderson,7573143971040365837,2027-03-20 21:30:24.907000+00:00,Olivia Henderson AKA DoorDash Girl has been ARRESTED! 11/15 #fyp #news #breakingnews #truecrime #doordash,en,114,False,,False,False,4841,251,295,260800,11900,1,284600,165,2025-11-15 20:26:25
164,TikTok,OliviaHenderson,7573312963482848543,2027-03-21 08:41:55.845000+00:00,Olivia Henderson AKA DoorDash Girl has been ARRESTED! 11/15#fyp #news #breakingnews #truecrime #doordash ,en,114,False,,False,False,13700,143,830,401900,16100,0,194200,88,2025-11-16 07:22:11
165,TikTok,OliviaHenderson,7573967200629853454,2027-03-23 04:01:38.136000+00:00,WE NOW HAVE THE MALE VICTIMS SIDE OF THE STORY! #fyp #news #oliviahenderson #doordash #update,en,120,False,,False,False,18,1,0,7681,13200,1,70600,55,2025-11-18 01:40:58
166,TikTok,OliviaHenderson,7573606968980491533,2027-03-22 04:10:12.218000+00:00,Olivia Henderson aka DoorDash girl has been arrested #viralvideo #trending #fyp #foryoupage,en,114,False,,False,False,7,0,0,2464,1,1,233,9,2025-11-17 02:23:05
167,TikTok,OliviaHenderson,7573374890477227277,2027-03-21 12:48:00.391000+00:00,#greenscreen #felon #doordash #drama #pov,un,114,False,,False,False,108,13,4,15100,48200,1804,3100000,948,2025-11-16 11:22:30
168,TikTok,OliviaHenderson,7573031448421223735,2027-03-20 14:03:17.424000+00:00,Replying to @lolfairxd I do not feel bad AT all. #doordashgirl #doordash #feminist #feminism #womanism ,en,110,False,,False,False,10,3,0,1926,3183,1865,469600,7151,2025-11-15 13:09:46
169,TikTok,OliviaHenderson,7573133369022713102,2027-03-20 20:48:17.189000+00:00,Olivia Henderson aka doordash girl has been arrested #fyp#arrested #tiktokdrama #breakingnews #doordashgirl ,en,114,False,,False,False,396,24,54,71100,23200,0,142900,182,2025-11-15 19:45:16
170,TikTok,OliviaHenderson,7573344996670164255,2027-03-21 10:49:13.152000+00:00,DoorDash girl has been officially ARRESTED!!! I really hope everyone learn a lesson about this but I need my apologies NOW #doordash #doordashdriver #doordashgirl #sa #savictim ,en,114,False,,False,False,922,169,25,16200,40900,81,6400000,249,2025-11-16 09:26:30
171,TikTok,OliviaHenderson,7573520993713540382,2027-03-21 22:28:34.117000+00:00,"Y'all remember that #DoorDashgirl story from a month ago? Well girl girl has been arrested for recording the customer inside of his home and posting it online. What originally happened is that the Dasher, Olivia Henderson, went to deliver food and saw the customer passed out with no pants on and the door wide open. She assumed that he intentionally flashed her and recorded as proof and then posted it online exposing his first name and the house number. Itis important to note that there is no conclusive proof that Olivia physically went inside of his house,she just recorded from the outside. She went viral for saying that she was SA'd even though people are debating whether being indecently exposed to counts as SA. #truecrime #doordash #lawandorder",en,114,False,,False,False,32,3,0,3051,9631,0,15200,9,2025-11-16 20:49:27
172,TikTok,OliviaHenderson,7573943913917009183,2027-03-23 02:29:06.151000+00:00,WE NOW HAVE THE MALE VICTIMS SIDE OF THE STORY! #fyp #news#oliviahenderson #doordash #update,en,120,False,,False,False,772,23,17,115900,10600,0,109900,210,2025-11-18 00:10:36
173,TikTok,OliviaHenderson,7601751820809162039,2027-06-07 20:07:47.800000+00:00,,un,112,False,,False,False,1362,52,56,9961,217900,67,7900000,1693,2026-01-31 22:39:29
174,TikTok,DoordashGirl,7565321463981542687,2027-02-27 07:26:33.889000+00:00,#alanbecker #animation #animationvsanimator #animationvsminecraft #stickmen #stickmenfight #thedarklordalanbecker #doordashgirl #funny,un,100,False,,False,False,26200,574,2162,158400,498,32,40100,15,2025-10-25 19:31:05
175,TikTok,DoordashGirl,7562674919830539533,2027-02-20 00:10:08.593000+00:00,#doordash #doordashgirl ,un,120,False,,False,False,53500,1301,3084,713300,212300,44,26700000,173,2025-10-18 16:21:09
176,TikTok,DoordashGirl,7582086377064418591,2027-04-14 13:44:20.645000+00:00,DoorDash girl update #fypシ #irlmonsterhighdoll #viraltiktok #foryou #viralvideo  ,en,114,False,,False,False,11800,1393,380,197600,341300,436,26200000,1818,2025-12-09 22:47:31
177,TikTok,DoordashGirl,7565975103318609183,2027-03-01 02:43:53.651000+00:00,Door Dash girl original video #doordash #doorbellcamera #doordashgirl #foodelivery,en,120,False,,False,False,5002,534,447,426200,11300,0,72300,37,2025-10-27 13:47:33
178,TikTok,DoordashGirl,7563822948277030174,2027-02-23 04:11:59.904000+00:00,What i wouldve done if i was the door dasher girl 🥹❤️‍🩹 #vexbolts #yesquad #doordashgirl ,en,120,False,,False,False,24500,371,2064,453900,4900000,626,193000000,1746,2025-10-21 18:36:05
179,TikTok,DoordashGirl,7566646166595685643,2027-03-02 23:10:27.604000+00:00,"""Do you see my"" #antonchigurh #memes #doordash #doordashgirl Anton Chigurh Memes",en,104,False,,False,False,20300,102,2958,275500,2181,44,301100,261,2025-10-29 09:11:37
180,TikTok,DoordashGirl,7564158706372463873,2027-02-24 02:26:10.872000+00:00,,un,105,False,,False,False,271300,9901,1862,3200000,292700,376,26100000,722,2025-10-22 16:19:00
181,TikTok,DoordashGirl,7562994833795583254,2027-02-20 21:21:22.026000+00:00,just saying … #foryoupage #viral #doordash #doordashgirl #blowthisup ,en,120,False,,False,False,6038,443,56,76700,645,17,349500,14,2025-10-19 13:02:35
182,TikTok,DoordashGirl,7562981014490926350,2027-02-20 20:26:27.247000+00:00,Here's what I would do if I was that Doordash Customer.  Woman says Doordash fired her after she filmed a video of her customer laying in his couch in his own home.  #doordash #lawsuit #trending  Doordash sa original video Doordash woman fired Doordash customer responds,en,114,False,,False,False,25200,2166,794,350400,48600,1361,2700000,1075,2025-10-19 12:08:57
183,TikTok,DoordashGirl,6925150083004550406,2022-04-27 18:34:02.855000+00:00,This is another draft #doordash #doordashlife #doordashdriver #doordashdelivery #fyp #foryou,en,120,False,,False,False,4684,34,5,47900,8132,5,77300,9,2021-02-03 15:19:11
184,TikTok,DoordashGirl,7582531399442550036,2027-04-15 19:12:42.248000+00:00,"I know she has caught on the 4th but when ChatGPT told me it was last year, I was shocked😅 why wait a whole year to only post it or maybe she reposted it? #doordashgirlupdate #doordashgirl #doordashgirlvideo",en,105,False,,False,False,18,4,1,311,3300,1308,20300,239,2025-12-11 03:34:26
185,TikTok,DoordashGirl,7563091523441577229,2027-02-21 03:45:34.634000+00:00,"Full video of DoorDash, SA girl #DoorDash #Food #Delivery #News #foryoupage ",en,114,False,,False,False,119200,14900,6108,7200000,590200,315,79000000,4252,2025-10-19 19:17:47
186,TikTok,DoordashGirl,7564204806101896462,2027-02-24 05:29:21.904000+00:00,The DoorDash girl is genuinely brain dead 💔 #doordashgirl #invincibleseason3 #funny #fyp #trending ,en,100,False,,False,False,18300,263,4026,124100,877,144,96200,104,2025-10-22 19:17:53
187,TikTok,DoordashGirl,7573392307945229599,2027-03-21 13:57:13.039000+00:00,"Replying to @Shlum i will apologize when im wrong, which is not right now. #doordashgirl ",en,105,False,,False,False,1648,983,47,103600,347700,810,3100000,1716,2025-11-16 12:30:05
188,TikTok,DoordashGirl,7573147360155471135,2027-03-20 21:43:52.935000+00:00,DoorDash girl has been arrested and charged for recording the man in his home when she was supposed to be dropping off food #foryou #doordash #Olivia ,en,114,False,,False,False,123700,2780,9288,1900000,1500000,640,121500000,1960,2025-11-15 20:39:34
189,TikTok,DoordashGirl,7573403949215091999,2027-03-21 14:43:28.534000+00:00,Now she got a record smh she should’ve deliver that food and mind her business. #doordash #doordashgirl ,en,114,False,,False,False,8534,120,144,58500,803100,1548,61700000,2086,2025-11-16 13:15:16
190,TikTok,DoordashGirl,7564883121158589709,2027-02-26 02:24:44.816000+00:00,KC SPEAKS THIS IS A LESSON DOOR DASH GIRL DIDNT ASK YOU TO HELP HER!! #doordashgirl #kcspeaks #doordash #fyp #defamation ,en,114,False,,False,False,3744,490,89,107300,12600,148,492000,519,2025-10-24 15:10:06
191,TikTok,DoordashGirl,7563645289693793549,2027-02-22 16:26:02.797000+00:00,These customers are getting out of hand #doordash #doordashgirl #fyp #foryou #foryoupage,en,120,False,,False,False,12300,295,173,620700,626,3054,19900,223,2025-10-21 07:06:41
192,TikTok,DoordashGirl,7565527491981364510,2027-02-27 21:05:14.792000+00:00,"DoorDash girl update, KC Speaks LIED and has been severed a cease and desist letter from the other Austin #doordash #doordashgirl #SA #victim #austin ",en,114,False,,False,False,22500,629,258,380600,40900,81,6400000,249,2025-10-26 08:50:35
193,TikTok,DoordashGirl,7562731520700468511,2027-02-20 03:55:03.292000+00:00,Like be frl rn #doordash #saawarenes #girl #fypシ ,en,104,False,,False,False,777000,2563,38200,7400000,2289,442,1300000,229,2025-10-18 20:00:47
194,TikTok,DoordashGirl,7564120583542246678,2027-02-23 23:54:41.681000+00:00,On marche sur la tête! Vous avez vu passer l’histoire de la doordash girl? #chitchat #doordashgirl #livreur #storytime ,fr,114,False,,False,False,21100,739,490,307900,16400,26,1900000,340,2025-10-22 13:51:04
195,TikTok,DoordashGirl,7563186923129343262,2027-02-21 10:04:39.692000+00:00,doordash sa original post girl response react irlmonsterhighdoll ring footage movie#typ #fypシ゚viral #blowthisupforme #ftp #trending,en,114,False,,False,False,999,134,80,172300,9332,0,16800,61,2025-10-20 01:27:59
196,TikTok,DoordashGirl,6927012495844527365,2022-05-02 21:54:36.678000+00:00,we getting a lot of mean comments I don’t know if I’m going to post anymore,en,115,False,,False,False,588,19,0,7098,8132,5,77300,9,2021-02-08 15:46:18
197,TikTok,DoordashGirl,7574966900392774942,2027-03-25 22:14:05.133000+00:00,Latest update on DoorDash girl a.k.a. Irlmonsterhighdoll aka Olivia. #doordashgirl #doordash #update #olivia #arrest ,en,114,False,,False,False,200700,3284,4312,2100000,52800,437,3400000,378,2025-11-20 18:20:19
198,TikTok,DoordashGirl,7564230781346860301,2027-02-24 07:12:34.885000+00:00,Door Dash girl original video #doordash #doorbellcamera #doordashgirl #foodelivery,en,120,False,,False,False,58,6,4,17500,6,0,68,13,2025-10-22 20:58:41
199,TikTok,DoordashGirl,7573632302937279799,2027-03-22 05:50:52.304000+00:00,Doordash girl has been arrested and charged for Unlawful surveillance and Dissemination of an unlawful surveillance image #truecrimetok#tiktoktea#doordash#doordashdriver#fired,en,114,False,,False,False,301,24,34,27800,10100,0,21400,72,2025-11-17 04:01:23
200,TikTok,DoordashGirl,7565832179272535351,2027-02-28 17:15:57.903000+00:00,The DoorDash Girl is back#DoorDashGirl #DoorDash #Sora #Ai #Trending,en,120,False,,False,False,22700,371,1360,960500,14000,9,372300,210,2025-10-27 04:32:56
201,TikTok,DoordashGirl,7576023656468385044,2027-03-28 20:13:15.415000+00:00,A ENTREGADORA QUE ENTREGOU ATÉ DEMAIS FOI PRESA?! #meme #noticias #memes #doordash #doordashgirl,pt,104,False,,False,False,21000,138,240,234400,500900,72,20300000,523,2025-11-23 14:41:04
202,TikTok,DoordashGirl,7562973393205710111,2027-02-20 19:56:10.191000+00:00,yall are weird #doordashgirl ,en,105,False,,False,False,1758,566,15,37500,347700,810,3100000,1716,2025-10-19 11:39:23
203,TikTok,DoordashGirl,7573522436553968909,2027-03-21 22:34:18.117000+00:00,DoorDash girl has been arrested and charged for recording the man in his home when she was supposed to be dropping off food #foryou #doordash #olivia ,en,114,False,,False,False,85,4,17,8050,12200,2,58400,41,2025-11-16 20:55:03
204,TikTok,DoordashGirl,7563125435974946056,2027-02-21 06:00:20.012000+00:00,Found it funny that some male creator came on here talking about how he respects that women are “holding her accountable” as if women have never infamously been victim blamers,en,114,False,,False,False,137100,4126,2629,1200000,51800,77,11600000,346,2025-10-19 21:29:23
205,TikTok,DoordashGirl,7582341803022601486,2027-04-15 06:39:18.939000+00:00,DoorDash girl has been sentenced #doordashgirl #viral #fypシ #outdoorboys #greenscreen ,en,114,False,,False,False,1750,38,126,45300,6000000,179,17500000,113,2025-12-10 15:18:42
206,TikTok,DoordashGirl,7575582421047905567,2027-03-27 14:59:56.693000+00:00,DoorDash Driver Claims SA Viral Drama #news #women #relationships #fyp #viral #friendship #reaction ,en,120,False,,False,False,67500,2167,1527,2400000,52400,10,816700,310,2025-11-22 10:08:51
207,TikTok,DoordashGirl,7563077257363770638,2027-02-21 02:48:53.336000+00:00,Lelele #slimerant #foryou #doordashgirl #southparkcraigtucker #asmr,mr,100,False,,False,False,23600,0,485,244700,1726,1140,111700,83,2025-10-19 18:22:25
208,TikTok,DoordashGirl,7563795555957148983,2027-02-23 02:23:09.066000+00:00,Thought of this in my head 💔 #fyp #doordash #marioodyssey #doordashgirl ,en,103,False,,False,False,20500,470,4313,104300,3593,2552,454800,722,2025-10-21 16:49:47
209,TikTok,DoordashGirl,7576815774464003359,2027-03-31 00:40:51.062000+00:00,Anyone elses fyp caught up in that?,en,110,False,,False,False,126,0,2,1696,314500,174,7300000,2666,2025-11-25 17:54:53
210,TikTok,DoordashGirl,7573425934112476446,2027-03-21 16:10:50.142000+00:00,#doordash #harassment #injustice ,un,110,False,,False,False,3466,382,41,22000,11800,75,2700000,1181,2025-11-16 14:40:34
211,TikTok,DoordashGirl,7562712925161524535,2027-02-20 02:41:09.770000+00:00,I cannot get behind “trust all women.” And being a woman who has been through abuse- I will still say that with my whole chest. #SA #doorDashGirl #doordash #accountability ,en,114,False,,False,False,22100,2270,257,418600,54100,2141,565400,53,2025-10-18 18:48:38
212,TikTok,DoordashGirl,7564373934473268535,2027-02-24 16:41:25.250000+00:00,DoorDash girl #sml #doordash #doordashgirl #funny #fyp ,en,104,False,,False,False,284300,4800,12300,6700000,12200,2820,2100000,158,2025-10-23 06:14:12
213,TikTok,DoordashGirl,7563378418708958494,2027-02-21 22:45:35.796000+00:00,#doordashgirl ,un,114,False,,False,False,23300,830,660,1100000,132900,117,1900000,426,2025-10-20 13:51:05
214,TikTok,DoordashGirl,7563717533480586510,2027-02-22 21:13:07.058000+00:00,I am the victim #Doordash #Doordashgirl #Victim,en,104,False,,False,False,53500,286,1537,809300,185,115,63500,21,2025-10-21 11:47:01
215,TikTok,DoordashGirl,7563521208168336654,2027-02-22 08:12:59.456000+00:00,#doordashgirl #doordashai #doordashproof ,un,114,False,,False,False,1006,320,38,74600,14000,5023,934400,1004,2025-10-20 23:05:11
216,TikTok,DoordashGirl,6924790379183131909,2022-04-26 18:44:42.781000+00:00,This is a draft btw #doordash #doordashlife #doordashdriver #doordashdelivery #fyp #foryou,en,120,False,,False,False,779,18,2,9601,8132,5,77300,9,2021-02-02 16:03:21
217,TikTok,DoordashGirl,7573437726746365215,2027-03-21 16:57:41.725000+00:00,Women still tryna defend the DoorDash girl who got arrested  #CapCut #blacktiktok #funny #doordash #yap ,en,120,False,,False,False,247,29,5,11000,4384,694,525200,808,2025-11-16 15:26:20
218,TikTok,DoordashGirl,7562858972554792223,2027-02-20 12:21:30.182000+00:00,DoorDash girl doesn't change the fact we should believe all victims:/,en,114,False,,False,False,283,16,40,67000,9486,0,2049,26,2025-10-19 04:15:22
219,TikTok,DoordashGirl,7565680011286547767,2027-02-28 07:11:18.228000+00:00,"DoorDash girl @irlmonsterhighdoll posted a new video 10/26/25  She said she has irrefutable proof that the door was already open when she arrived to drop off the customer’s order. She said she did not enter his home and she did not open his door. ICYMI:  A DoorDash driver said when she dropped off a customer’s order, his door was wide open, he was in full view laying on the couch n*ked from the waist down. DoorDash deactivated her account (she was fired) as well as the customer’s account. #doordashgirl #irlmonsterhighdoll #doordashdriver #update #doordash ",en,114,False,,False,False,449,331,30,171200,106500,5153,11200000,1520,2025-10-26 18:42:26
220,TikTok,DoordashGirl,7587573477868080439,2027-04-29 17:08:07.422000+00:00,#stitch with @Trucker 💝Girl #omggggg #letstalkaboutit ,un,105,False,,False,False,1352,127,43,159100,5465,3615,85900,1546,2025-12-24 17:40:16
221,TikTok,DoordashGirl,7571264599723412766,2027-03-15 17:02:27.868000+00:00,DoorDash SA girl update and I am not switching sides #men #women #fyp ,en,114,False,,False,False,9267,720,75,208300,1400000,333,42100000,785,2025-11-10 18:53:30
222,TikTok,DoordashGirl,7574691960020061454,2027-03-25 04:01:34.240000+00:00,Ridiculous // edit: charged but not in jail,en,105,False,,False,False,5932,367,58,66500,344200,1861,16600000,4233,2025-11-20 00:33:24
223,TikTok,DoordashGirl,7565014030482525471,2027-02-26 11:04:56.031000+00:00,Door Dash girl original video #doordash #doorbellcamera #doordashgirl #foodelivery #Doorbell camera Evidence ,en,120,False,,False,False,171,3,11,39900,8,0,225,16,2025-10-24 23:38:05
224,TikTok,DoordashGirl,7562591763072961806,2027-02-19 18:39:42.477000+00:00,#greenscreen @irlmonsterhighdoll #doordash #ubereats #doordashdriver #fooddelivery ,un,114,False,,False,False,47800,1600,1471,2500000,11800,1910,728900,444,2025-10-18 10:58:27
225,TikTok,DoordashGirl,7573637580667768095,2027-03-22 06:11:50.613000+00:00,#doordash ,un,120,False,,False,False,73,515,8,12000,4259,1185,840000,1917,2025-11-17 04:21:52
226,TikTok,DoordashGirl,7565398081798278455,2027-02-27 12:31:01+00:00,Replying to @Bob Bob Door bell camera footage of the DoorDash girl  #DoorDash #DoorDashGirl #Sora #Ai #trending ,en,104,False,,False,False,406,19,14,46900,2993,191,470900,51,2025-10-26 00:28:24
227,TikTok,DoordashGirl,7563338827666836758,2027-02-21 20:08:16.556000+00:00,thank you @Kurorotan for this drawing of doordash girl #wojak #doordashgirl #bluetoothSA #fyp #kindness ,en,100,False,,False,False,20200,535,2763,194900,231,85,20300,1,2025-10-20 11:17:27
228,TikTok,DoordashGirl,7283926858780003630,2025-01-11 19:24:51.950000+00:00,Replying to @Corey Livingston318 Did you order DoorDash today? #doordash #cute #foryoupage #foru #forupage #deliverygirl #goodmorning #tiktok #prettywoman #adulttok ,en,120,False,,False,False,183,3,3,6506,124000,47,630800,462,2023-09-28 12:16:18
229,TikTok,DoordashGirl,7564457999411023135,2027-02-24 22:15:27.893000+00:00,#stitch with @gwapanese ,un,114,False,,False,False,12700,463,179,171400,1600000,1285,162400000,4955,2025-10-23 11:40:24
230,TikTok,DoordashGirl,7573121775148600589,2027-03-20 20:02:12.994000+00:00,DoorDash girl UPDATE #doordashgirl #doordashgirlupdate #chismestiktok #chismesito ,en,105,False,,False,False,16700,708,618,483800,712300,5912,30600000,4316,2025-11-15 19:00:17
231,TikTok,DoordashGirl,7563186720783486238,2027-02-21 10:03:51.449000+00:00,THE DOOR DASH GIRL IS A VICTIM YES! #fyp #doordash #doordashgirl ,en,114,False,,False,False,2430,393,81,23300,246800,473,19300000,489,2025-10-20 01:27:12
232,TikTok,DoordashGirl,7566522190095486230,2027-03-02 14:57:49.303000+00:00,Ranking Best Door Dash Girl Sora Remakes #doordashgirl #sora #ai #sora2 #doordashlady #doordashlife #anime #imthevictim #ranking #disney #remake #fyp,en,100,False,,False,False,500300,1635,13600,9800000,258000,0,36300000,211,2025-10-29 01:10:31
233,TikTok,DoordashGirl,7573119015992773906,2027-03-20 19:51:15.160000+00:00,She did not deserve this #doordashgirl #doordash #arrested ,en,114,False,,False,False,6965,202,226,126500,67800,109,7100000,44,2025-11-15 18:49:34
234,TikTok,DoordashGirl,7562723991895461151,2027-02-20 03:25:08.285000+00:00,#stitch with @irlmonsterhighdoll #greenscreen #doordashgirl,un,114,False,,False,False,3098,605,134,528800,463000,148,18400000,2252,2025-10-18 19:31:34
235,TikTok,DoordashGirl,7584696621812780318,2027-04-21 18:36:31.489000+00:00,They found the DoorDash bandit so Fast!! #doordash #queshandadoordash #seafoodboil #staysakai #fyp,en,120,False,,False,False,89400,938,1959,1900000,11500,1,243200,89,2025-12-16 23:36:36
236,TikTok,DoordashGirl,7565234487114599702,2027-02-27 01:40:56.988000+00:00,kinda late ngl #tuskact4 #jjba #sbr #doordashgirl #steelballrun ,en,100,False,,False,False,18800,205,4991,103200,1393,744,122500,61,2025-10-25 13:53:35
237,TikTok,DoordashGirl,7573051744540822814,2027-03-20 15:23:56.396000+00:00,11/15/2025 Breaking News: Door Dash Girl Got Arrested and Johnathan Alpert Faulkner Focus Interview Discusses TDS Might Be Real but importantly Door Dash Girl Was Arrested #breakingnews #news #trump #doordashgirl #interview ,en,114,False,,False,False,21400,1039,2854,83500,639600,103,27100000,1649,2025-11-15 14:28:32
238,TikTok,DoordashGirl,7591151347878087991,2027-05-09 14:05:18.106000+00:00,The DoorDash Girl's Controversial Update: What You Need to Know! 🚪✨ #DoorDash #SocialMediaEthics #Awareness #Viral #fyp #foryou #legaltiktok #doordashgirl #irlmonsterhighdoll #kcspeaks,en,114,False,,False,False,61,4,0,6155,10100,0,17500,356,2026-01-03 09:04:14
239,TikTok,DoordashGirl,7563269502285188360,2027-02-21 15:32:48.097000+00:00,"it's not only about the door dash girl situation it's like this in general it honestly sickens me how easily men can victim blame and make sa/r pe jokes, most of these ppl didn't even see the original video 🫩#doordashgirl #doordash #fyp #awarness #xyzbca ",en,120,False,,False,False,18800,3819,531,269200,172,598,24200,6,2025-10-20 06:48:26
240,TikTok,DoordashGirl,7574862263643868447,2027-03-25 15:18:17.788000+00:00,Do you want to read DoorDash girls statement upon arrest?  #ForYouPage #Attorneylife #truecrimetiktok #doordash #doordashdriver ,en,114,False,,False,False,4774,417,128,95600,241000,958,1400000,1339,2025-11-20 11:34:16
241,TikTok,DoordashGirl,7600413570043628830,2027-06-04 03:30:03.954000+00:00,DoorDash girl will see a grand jury!! #fyp #truecrime #doordash #doordashgirl #truecrimetok ,en,114,False,,False,False,981,97,35,16900,241000,958,1400000,1339,2026-01-28 08:06:23
242,TikTok,DoordashGirl,7564111831648800030,2027-02-23 23:19:55.067000+00:00,TikTok text to speech is so bad bruh 😭✌️ #doordash #house #trending #texttospeech #viral ,en,114,False,,False,False,1417,350,68,299000,149,114,32000,22,2025-10-22 13:17:06
243,TikTok,DoordashGirl,7563743743505878327,2027-02-22 22:57:16.015000+00:00,DoorDash Girl you have an ally in me #feminism #doordash #amberheard #blakelively #women ,en,114,False,,False,False,572,197,13,8743,24300,253,4300000,298,2025-10-21 13:28:44
244,TikTok,DoordashGirl,7563018680628530446,2027-02-20 22:56:07.554000+00:00,#fypシ゚viral #viral #blowthisupforme #ftp #trending ,un,105,False,,False,False,4000000,33500,164000,36100000,203900,408,14600000,645,2025-10-19 14:35:07
245,TikTok,DoordashGirl,7562654587421723935,2027-02-19 22:49:20.969000+00:00,She IS a victim  I don’t know why the internet has turned against her…. Her phrasing that is was SA is incorrect but she still IS a VICTIM. Hold @DoorDash accountable. #fyp #doordash #doordashgirl ,en,114,False,,False,False,445,361,25,43000,246800,473,19300000,489,2025-10-18 15:02:15
246,TikTok,DoordashGirl,7574001328070937887,2027-03-23 06:17:14.752000+00:00,DoorDash Girl has officially been charged and arrested for her crimes #doordash #truecrime #ForYouPage #doordashdriver #Attorneylife,en,114,False,,False,False,157,16,10,13600,10400,0,20200,68,2025-11-18 03:53:24
247,TikTok,DoordashGirl,7565453335919136013,2027-02-27 16:10:34.609000+00:00,Best one first 🥇 Door Dash Ring Camera Footage doordash response door dash girl doordashlady original doordash video door dash ring camera girl Door Dash#doordash#doordashgirl#sora#soraai#sora2 ,en,100,False,,False,False,908600,3479,46600,15300000,25600,5,1800000,149,2025-10-26 04:02:49
248,TikTok,DoordashGirl,7593685587182308639,2027-05-16 13:55:27.840000+00:00,@stormibabyy27 A stranger protected a stranger-and recorded everything. This is what courage looks like. #Humanity #ProtectEachOther #Courage #Community #ViralVideo,en,120,False,,False,False,16500,403,468,498800,10500,0,18000,13,2026-01-10 04:58:22
249,TikTok,DoordashGirl,7562984004148858132,2027-02-20 20:38:20.037000+00:00,Door dash SA Girl has Lied #fyp #doordashgirl #exposed ,en,114,False,,False,False,19900,758,457,553300,17900,533,1500000,3440,2025-10-19 12:20:33
250,TikTok,DoordashGirl,7573481048101670157,2027-03-21 19:49:50.341000+00:00,Replying to @PhasedSeaHorse ,un,114,False,,False,False,11500,1112,202,152100,700800,1444,36700000,1543,2025-11-16 18:14:27
251,TikTok,DoordashGirl,7573822643514641694,2027-03-22 18:27:13.034000+00:00,FREE HER  #doordash #fyp #trending #doordashgirl #survivor ,en,114,False,,False,False,535,0,9,5729,2077,245,230600,81,2025-11-17 16:20:01
252,TikTok,DoordashGirl,7573126546379083063,2027-03-20 20:21:10.544000+00:00,messed upppp,en,114,False,,False,False,18400,1354,469,147800,592,784,430600,1134,2025-11-15 19:18:48
253,TikTok,DoordashGirl,7574379233825393951,2027-03-24 07:18:54.505000+00:00,Doordash girl has been arrested and charged for Unlawful surveillance and Dissemination of an unlawful surveillance image #truecrimetok #tiktoktea #doordash #doordashdriver #fired ,en,114,False,,False,False,710,19,33,73000,11000,0,18100,74,2025-11-19 04:19:52
254,TikTok,DoordashGirl,7566298699811278094,2027-03-02 00:09:45.067000+00:00,The DoorDash girl finally breaks her silence,en,114,False,,False,False,53500,2262,567,956100,916400,25,53300000,1280,2025-10-28 10:43:16
255,TikTok,DoordashGirl,7581676395827580173,2027-04-13 10:35:13.501000+00:00,What the judge said to the DoorDash girl was absolutely diabolical!! #doordash #dramaticmoments #courtroom #guiltyconscience #breakingnewsusa,en,114,False,,False,False,160,8,12,21000,15100,0,69600,166,2025-12-08 20:16:35
256,TikTok,DoordashGirl,7573716261968842039,2027-03-22 11:24:29.697000+00:00,"You only get one time to lie to me sweetie and you lied and had everybody canceling door dash and calling them like they was tryna cover up a violent assault and silence you…. They fired you cause you filming people house and posting it online. This not about him being wrong, of course he was. It’s about people running to the internet to weaponize tiktokers to do they dirty work but don’t wanna tell the whole story. ",en,114,False,,False,False,2391,51,28,19300,352400,593,26400000,697,2025-11-17 09:27:12
257,TikTok,DoordashGirl,7566216611607170317,2027-03-01 18:43:33.714000+00:00,DoorDash Girl releases new footage - proving she never entered his home.#breakingnews#foryoufne ws#Doordash#fyp#doordashgirl Birtmonsterhighdoll  ,en,114,False,,False,False,132,42,12,52200,13900,16,141000,130,2025-10-28 05:24:43
258,TikTok,DoordashGirl,7580090197191281951,2027-04-09 01:32:14.276000+00:00,Here’s what happened at DoorDash Girls Arraignment #viralvideo #foryoupage #attorneylife #doordash #doordashgirl ,en,114,False,,False,False,7943,463,424,219500,241000,958,1400000,1339,2025-12-04 13:41:19
259,TikTok,DoordashGirl,7563552834789199134,2027-02-22 10:18:39.830000+00:00,don’t become a sheep!!! gather all information before forming a conclusion… people love gossip and confirmation bias more than logic and facts unfortunately #doordash #irlmonsterhighdoll #doordashgirl @irlmonsterhighdoll ,en,105,False,,False,False,24000,1260,266,328400,221600,8,22400000,217,2025-10-21 01:07:54
260,TikTok,DoordashGirl,7566284151289040141,2027-03-01 23:11:56.429000+00:00,DoorDash girl #doordash #sa #fyp #viralvideo ,en,114,False,,False,False,18,10,0,528,109,198,272,19,2025-10-28 09:46:49
261,TikTok,DoordashGirl,7593676233259470111,2027-05-16 13:18:17.691000+00:00,DoorDash Driver Seeks RefugeHomeowner Blocks ICE Without a Warrant #ice #warrant #doordasher #undocumentedimmigrants #breakingnews ,en,114,False,,False,False,708300,3690,13000,4800000,17600,0,809200,18,2026-01-10 04:22:05
262,TikTok,DoordashGirl,6924402564926688518,2022-04-25 17:03:40.657000+00:00,#doordash #doordashlife #doordashdriver #doordashdelivery #fyp #foryou #foryoupage,un,120,False,,False,False,53500,233,35,351500,8132,5,77300,9,2021-02-01 14:58:26
263,TikTok,DoordashGirl,7583005989809474830,2027-04-17 02:38:33.409000+00:00,#doordash #doordashgirl ,un,114,False,,False,False,26200,371,462,174900,845200,994,53600000,2377,2025-12-12 10:16:05
264,TikTok,DoordashGirl,7563460702644522253,2027-02-22 04:12:33.815000+00:00,You predatory people keep defending that man and lying on that girl name! #doordashgirl #fyp ,en,114,False,,False,False,84,28,13,17800,7,3,1186,3,2025-10-20 19:10:23
265,TikTok,DoordashGirl,7547852710612143390,2027-01-10 02:31:58.532000+00:00,#doordash #sidehustle pretty girls door dash too 🤗,en,105,False,,False,False,468,38,0,10600,112700,25,959600,881,2025-09-08 17:43:24
266,TikTok,DoordashGirl,7573010842359172365,2027-03-20 12:41:24.556000+00:00,#doordashgirl ,un,114,False,,False,False,26000,932,231,189700,1700000,3309,36700000,3493,2025-11-15 11:49:48
267,TikTok,DoordashGirl,7565957546129870110,2027-03-01 01:34:07.691000+00:00,Door Dash girl original video #doordash #doorbellcamera #doordashgirl #foodelivery,en,114,False,,False,False,43400,3461,2418,3700000,11300,0,72300,37,2025-10-27 12:39:25
268,TikTok,DoordashGirl,7563561539022769439,2027-02-22 10:53:15.081000+00:00,DoorDash girl video #doordashgirl #sleepingman #mcdonalds #doordash #originalvideo ,en,120,False,,False,False,245,14,10,199600,720,0,9593,94,2025-10-21 01:41:41
269,TikTok,DoordashGirl,7561254247610797325,2027-02-16 02:04:53.941000+00:00,Update: I submitted my appeal but I didn’t even know what to explain in it because idk what the cause of deactivation I’m defending myself against is. They said they will respond within 7-10 business days. I contacted a third support agent who gave me a way to log into my doordash debit card account so I have access to those funds for now thankfully. It sucks cuz aside from everything I didn’t mind doordashing. It was a decent experience. 🤷‍♀,en,105,False,,False,False,3500000,71100,152100,31600000,204800,129,15200000,316,2025-10-14 20:28:13
270,TikTok,DoordashGirl,7566540927876074783,2027-03-02 16:12:16.738000+00:00,,un,105,False,,False,False,67,61,3,1438,621,5,37600,331,2025-10-29 02:23:14
271,TikTok,DoordashGirl,7574196642308427021,2027-03-23 19:13:21.295000+00:00,the door dash girl deserves justice. this is victim suppression. #relateable #doordash #doordashgirl ,en,114,False,,False,False,742,402,33,20400,14700,648,6300000,472,2025-11-18 16:31:19
272,TikTok,DoordashGirl,7574734500870049037,2027-03-25 06:50:36.769000+00:00,So Now We Konw #Doordashgirl Opened The Door Herself! #fyp #foryoupage #fypシ #fypシ゚viral #fy,en,120,False,,False,False,31100,1598,1997,778400,16700,29,63300,35,2025-11-20 03:18:29
273,TikTok,DoordashGirl,7582408253158477069,2027-04-15 11:03:21.886000+00:00,DoorDash Girl updates as the court case will be recorded.. #streamerclip #kickstreaming #fyp #meme #asmongold ,en,120,False,,False,False,942,24,40,41300,11300,3,94300,347,2025-12-10 19:36:34
274,TikTok,DoordashGirl,7565937684175277325,2027-03-01 00:15:12.232000+00:00,can’t have shi anymore😭🥀 #doordash #incident #sa #bro #fyp ,en,120,False,,False,False,392500,2928,11200,3800000,17400,4506,2400000,351,2025-10-27 11:22:20
275,TikTok,DoordashGirl,7563983522466188557,2027-02-23 14:50:03.774000+00:00,lol this story is insane #doordashdrama #doordashgirl #dramatic#fyp #fypシ #movie ,en,101,False,,False,False,23100,1721,828,640900,22600,7,153900,168,2025-10-22 04:59:12
276,TikTok,DoordashGirl,7563351459375500566,2027-02-21 20:58:28.190000+00:00,I'm done ,en,103,False,,False,False,6990,1048,317,733000,13400,3305,1000000,181,2025-10-20 12:06:28
277,TikTok,DoordashGirl,7563928754884480287,2027-02-23 11:12:26.165000+00:00,"Go watch @Crystal Alana video too, but that’s crazzzyy. It’s definitely giving that she does things and posts them with not a lot of thought.  #doordashgirl #tiktokdrama #doordash #sa #storytime ",en,120,False,,False,False,66900,847,3885,1200000,16100,9992,1700000,2664,2025-10-22 01:26:40
278,TikTok,DoordashGirl,7564179976392690966,2027-02-24 03:50:42.040000+00:00,bro was NOT the victim #thedoordashgirl #doordashgirl #meme #fyp #viral ,en,104,False,,False,False,22200,325,2578,341300,63600,741,9300000,811,2025-10-22 17:41:32
279,TikTok,DoordashGirl,7566687767023947026,2027-03-03 01:55:45.919000+00:00,Door Dash Ring Camera Footage. #doordashgirl #meme ,en,104,False,,False,False,22100,334,1911,448800,700100,96,45900000,1265,2025-10-29 11:53:03
280,TikTok,DoordashGirl,7580948190686350606,2027-04-11 10:21:35.866000+00:00,What the judge said to the DoorDash girl was absolutely diabolical!! #doordash #dramaticmoments #courtroom #guiltyconscience #breakingnewsusa  ,en,114,False,,False,False,622,18,56,53600,12100,0,8059,45,2025-12-06 21:10:46
281,TikTok,DoordashGirl,7564418029015092493,2027-02-24 19:36:38.208000+00:00,Doordash girl ringcam Girl is it true? #doordash #tiktokdrama #ringcamera #fullvideo #unmployed ,en,114,False,,False,False,22300,1836,310,1900000,228600,27,3400000,505,2025-10-23 09:05:18
282,TikTok,DoordashGirl,7564507316934970655,2027-02-25 01:31:26.107000+00:00,Replying to @crumpy spare me. I can disagree with how #doordash girl framed the situation leading people to believe she was physically assualted and that she posted that video of a man she said was unconscious and undressed on the internet. I wholeheartedly disagree with adding embellishments to strengthen your point. That is all. #doordashdrama #messytiktok,en,114,False,,False,False,1413,268,13,22200,200300,397,23100000,2183,2025-10-23 14:51:47
283,TikTok,DoordashGirl,7563038920380796190,2027-02-21 00:16:33.087000+00:00,Stop being weird - you know damn well what happened isn’t her fault!  #doordash #fyp #makaila #legaltiktok #ubereats ,en,114,False,,False,False,162900,10400,6981,1500000,6520,913,1200000,203,2025-10-19 15:53:39
284,TikTok,DoordashGirl,7574000956069645598,2027-03-23 06:15:46.060000+00:00,DoorDash Girl has officially been charged and arrested for her crimes #doordash #truecrime #ForYouPage #doordashdriver #Attorneylife,en,114,False,,False,False,103,14,5,30700,10100,0,4566,94,2025-11-18 03:51:57
285,TikTok,DoordashGirl,7600780863105813791,2027-06-05 03:49:33.444000+00:00,So is DoorDash girl going to trial? #fyp #truecrime #doordash #doordashgirl #truecrimetok ,en,114,False,,False,False,322,22,2,4948,241000,958,1400000,1339,2026-01-29 07:51:40
286,TikTok,DoordashGirl,7575910563201436942,2027-03-28 12:43:51.879000+00:00,#dating #relationships #doordashgirl #goodguy #major ,un,107,False,,False,False,20700,983,510,750800,11300,0,52800,36,2025-11-23 07:22:12
287,TikTok,DoordashGirl,7564213440542149901,2027-02-24 06:03:40.515000+00:00,It’s a terrifying time to be a woman. #doordashgirl #sa #victim #socialmedia #women ,en,114,False,,False,False,357,46,12,6907,55100,63,8400000,1352,2025-10-22 19:51:24
288,TikTok,DoordashGirl,7585086892274715918,2027-04-22 20:27:19.218000+00:00,Such a joke  #fyp ,en,105,False,,False,False,150,16,2,4225,5647,11,3000000,1186,2025-12-18 00:51:03
289,TikTok,DoordashGirl,7574793694625271070,2027-03-25 10:45:49.660000+00:00,😁 To the people defending the doordash girl....#doordash #doordashgirl #reaction #fyp ,en,114,False,,False,False,482,49,1,4548,1332,328,45200,321,2025-11-20 07:08:11
290,TikTok,DoordashGirl,7563462150367218999,2027-02-22 04:18:18.979000+00:00,The footage that we all wanna see about the Door Dash girl  #DoorDashGirl #DoorDash #Sora #Ai #Trending ,en,104,False,,False,False,19600,286,1424,615100,2993,191,470900,51,2025-10-20 19:16:00
291,TikTok,DoordashGirl,7563329262569213206,2027-02-21 19:30:16.059000+00:00,#doordashgirl #fyp #relatable #funny,un,104,False,,False,False,20600,1187,522,227700,141,946,26800,41,2025-10-20 10:40:20
292,TikTok,DoordashGirl,7563749541585980727,2027-02-22 23:20:18.385000+00:00,U ain’t no victim ho 🫩✌️ #art #funny #lmao #fyp #trending ,en,104,False,,False,False,67700,1852,3218,2300000,635,326,74100,24,2025-10-21 13:51:14
293,TikTok,DoordashGirl,7564021301111786783,2027-02-23 17:20:10.905000+00:00,DOORDASHDRIVER ORIGINALVIDEO RELEASED!#breakingnews#foryou#news#Doordash#fyp ,en,114,False,,False,False,147000,2312,2911,4800000,13000,2,189000,84,2025-10-22 07:25:48
294,TikTok,DoordashGirl,7565750166150450463,2027-02-28 11:50:04.451000+00:00,Although this isn't definitive proof that she broke into his house This could definitely be used against her as evidence in court. #doordash  #doordashgirl   #greenscreen #greenscreenvideo ,en,114,False,,False,False,486,43,18,33300,11700,9998,800400,5817,2025-10-26 23:14:40
295,TikTok,DoordashGirl,7564589660501052686,2027-02-25 06:58:38.343000+00:00,lol this story is insane #doordashdrama #doordashgirl #dramatic,en,120,False,,False,False,1469,48,56,209700,9765,0,1745,9,2025-10-23 20:11:19
296,TikTok,DoordashGirl,7562698733402590494,2027-02-20 01:44:46.191000+00:00,"#doordash #dasher #doordashgirl #sa #fyp  I really wish we could get the story from the man’s point of view! I’m sure by now he knows of it!! If anyone has come across anything please let me know! Thank you to the person who commented the original video and where to find it, sorry I didn’t grab your name, and thanks to the person who had the original video! All credit goes to them. I’m just sharing my thoughts. ",en,114,False,,False,False,27500,4420,1103,1600000,9708,7798,118800,894,2025-10-18 17:53:33
297,TikTok,DoordashGirl,7563904712605486391,2027-02-23 09:36:54.039000+00:00,this feels like a fever dream bc what… first part of the video from @tvb✷ #foryou #fyp #doordash #doordashgirl #trending ,en,120,False,,False,False,109100,8796,1865,1200000,994,318,666400,150,2025-10-21 23:53:22
298,TikTok,DoordashGirl,7597463653566237983,2027-05-27 00:08:09.059000+00:00,DoorDash Girl Update 1 #fyp #truecrime #doordash #doordashgirl #truecrimetok ,en,114,False,,False,False,1344,136,34,21000,241000,958,1400000,1339,2026-01-20 09:19:12
299,TikTok,DoordashGirl,7563679786480979231,2027-02-22 18:43:07.472000+00:00,Replying to @Tash #greenscreen #doordashgirl #viral #trending ,un,114,False,,False,False,2511,478,161,299200,132900,117,1900000,426,2025-10-21 09:20:33
300,TikTok,DoordashGirl,7249365952163302682,2024-10-08 10:32:09.702000+00:00,My girl showed me this #freedoordash #app and it's FIREEEE! #Doordash #freedoordashfood #freefood #doordashme #doordashusa #doordashfree #doordashfreedelivery #doordashfreefood ,en,120,False,,False,False,1542,248,29,155500,130,0,1870,2,2023-06-27 09:02:20
301,TikTok,DoordashGirl,7563480727531048222,2027-02-22 05:32:08.120000+00:00,,en,120,False,,False,False,548,46,2,13200,110,186,14300,69,2025-10-20 20:28:06
302,TikTok,DoordashGirl,7562975268508421431,2027-02-20 20:03:37.298000+00:00,Doordash girl original video #unmployed #doordash #tiktokdrama #doordashdriver #sa ,en,114,False,,False,False,1591,262,61,302700,228600,27,3400000,505,2025-10-19 11:46:39
