video_id,transcript
IgQK3tz-fKM,"ERROR: An unexpected error occurred: 
Could not retrieve a transcript for the video https://www.youtube.com/watch?v=IgQK3tz-fKM! This is most likely caused by:

YouTube is blocking requests from your IP. This usually is due to one of the following reasons:
- You have done too many requests and your IP has been blocked by YouTube
- You are doing requests from an IP belonging to a cloud provider (like AWS, Google Cloud Platform, Azure, etc.). Unfortunately, most IPs from cloud providers are blocked by YouTube.

Ways to work around this are explained in the ""Working around IP bans"" section of the README (https://github.com/jdepoix/youtube-transcript-api?tab=readme-ov-file#working-around-ip-bans-requestblocked-or-ipblocked-exception).


If you are sure that the described cause is not responsible for this error and that a transcript should be retrievable, please create an issue at https://github.com/jdepoix/youtube-transcript-api/issues. Please add which version of youtube_transcript_api you are using and provide the information needed to replicate the error. Also make sure that there are no open issues which already describe your problem!"
RZvmqLnz3Cs,"ERROR: An unexpected error occurred: 
Could not retrieve a transcript for the video https://www.youtube.com/watch?v=RZvmqLnz3Cs! This is most likely caused by:

YouTube is blocking requests from your IP. This usually is due to one of the following reasons:
- You have done too many requests and your IP has been blocked by YouTube
- You are doing requests from an IP belonging to a cloud provider (like AWS, Google Cloud Platform, Azure, etc.). Unfortunately, most IPs from cloud providers are blocked by YouTube.

Ways to work around this are explained in the ""Working around IP bans"" section of the README (https://github.com/jdepoix/youtube-transcript-api?tab=readme-ov-file#working-around-ip-bans-requestblocked-or-ipblocked-exception).


If you are sure that the described cause is not responsible for this error and that a transcript should be retrievable, please create an issue at https://github.com/jdepoix/youtube-transcript-api/issues. Please add which version of youtube_transcript_api you are using and provide the information needed to replicate the error. Also make sure that there are no open issues which already describe your problem!"
4pM7DLEL7xA,"ERROR: An unexpected error occurred: 
Could not retrieve a transcript for the video https://www.youtube.com/watch?v=4pM7DLEL7xA! This is most likely caused by:

YouTube is blocking requests from your IP. This usually is due to one of the following reasons:
- You have done too many requests and your IP has been blocked by YouTube
- You are doing requests from an IP belonging to a cloud provider (like AWS, Google Cloud Platform, Azure, etc.). Unfortunately, most IPs from cloud providers are blocked by YouTube.

Ways to work around this are explained in the ""Working around IP bans"" section of the README (https://github.com/jdepoix/youtube-transcript-api?tab=readme-ov-file#working-around-ip-bans-requestblocked-or-ipblocked-exception).


If you are sure that the described cause is not responsible for this error and that a transcript should be retrievable, please create an issue at https://github.com/jdepoix/youtube-transcript-api/issues. Please add which version of youtube_transcript_api you are using and provide the information needed to replicate the error. Also make sure that there are no open issues which already describe your problem!"
9dn7N5-EKRE,"ERROR: An unexpected error occurred: 
Could not retrieve a transcript for the video https://www.youtube.com/watch?v=9dn7N5-EKRE! This is most likely caused by:

The requested language is not translatable

If you are sure that the described cause is not responsible for this error and that a transcript should be retrievable, please create an issue at https://github.com/jdepoix/youtube-transcript-api/issues. Please add which version of youtube_transcript_api you are using and provide the information needed to replicate the error. Also make sure that there are no open issues which already describe your problem!"
zx3JMdSDTJs,"ERROR: An unexpected error occurred: 
Could not retrieve a transcript for the video https://www.youtube.com/watch?v=zx3JMdSDTJs! This is most likely caused by:

YouTube is blocking requests from your IP. This usually is due to one of the following reasons:
- You have done too many requests and your IP has been blocked by YouTube
- You are doing requests from an IP belonging to a cloud provider (like AWS, Google Cloud Platform, Azure, etc.). Unfortunately, most IPs from cloud providers are blocked by YouTube.

Ways to work around this are explained in the ""Working around IP bans"" section of the README (https://github.com/jdepoix/youtube-transcript-api?tab=readme-ov-file#working-around-ip-bans-requestblocked-or-ipblocked-exception).


If you are sure that the described cause is not responsible for this error and that a transcript should be retrievable, please create an issue at https://github.com/jdepoix/youtube-transcript-api/issues. Please add which version of youtube_transcript_api you are using and provide the information needed to replicate the error. Also make sure that there are no open issues which already describe your problem!"
