,video_id,comments_avg,comments_category,comments_stdev,comments_pos_count,comments_neu_count,comments_neg_count
0,-UScZA0z50A,0.32130833333333336,sympathetic,0.5431109738573162,6,4,2
1,13q2vOdV9kE,-0.08168762541806021,inflammatory,0.3881074597100621,41,60,73
2,2EM-F3VfwUI,-0.10402414307004472,inflammatory,0.35373922410438674,69,97,160
3,2cV4FlR19_s,0.24235,sympathetic,0.9388256733813791,1,0,0
4,2ytZhL25V4w,-0.06439035087719298,inflammatory,0.40058665989085807,69,66,106
5,3L2BXNMGTew,-0.04423527454242929,neutral,0.38290446909592585,71,54,87
6,3nR468SDg0s,-0.24381666666666665,inflammatory,0.5312801348315845,0,0,1
7,46xekr1CEUU,-0.010403343465045595,neutral,0.38133382163139773,122,125,136
8,4pM7DLEL7xA,-0.13476065217391303,inflammatory,0.3246393091431906,43,68,145
9,50AKW9lBuNM,-0.12981349306431275,inflammatory,0.39050056875633415,72,70,175
10,54oSf8j9Eh0,-0.06833974895397489,inflammatory,0.3916336048794672,89,91,131
11,5bjJBcpy9sU,0.012643042071197411,neutral,0.41551158366626273,66,40,63
12,61-61BHIIp0,-0.07975384615384615,inflammatory,0.3820316958637887,14,14,22
13,6D_RgBOrjI0,-0.10761229235880398,inflammatory,0.3982088231949125,79,81,158
14,6GfCWFftDSA,-0.043417659137576996,neutral,0.3713297425665709,142,141,179
15,6Krjoo3fHtY,-0.0003136633663366308,neutral,0.3956520726731519,121,114,110
16,7H-oD45q0MM,-0.08353562300319489,inflammatory,0.3711411257957965,62,69,116
17,7N4tatSKaRI,0.011245454545454543,neutral,0.3772989699525732,3,4,3
18,7bTckdh1-W0,-0.07897046263345196,inflammatory,0.36226413372579314,70,72,123
19,8QB4UxnzCrg,-0.06330656565656566,inflammatory,0.3244945013008765,30,48,52
20,8zjWbdItFTo,-0.09604721407624633,inflammatory,0.3620350552162747,35,49,80
21,9dn7N5-EKRE,-0.03732445141065831,neutral,0.38670363137646546,64,65,75
22,BMteNzu1jIA,0.0027310810810810813,neutral,0.4066159464945053,41,31,45
23,Bn7WbKVar1I,-0.09550678148546823,inflammatory,0.37547505611752946,92,93,187
24,Bngr9lb8MPY,-0.017216666666666665,neutral,0.4047216095951536,24,21,31
25,Bu3H1o4cvgc,-0.05721162790697676,inflammatory,0.4094763341084633,4,3,7
26,CJHJd1gOB48,-0.07741500000000001,inflammatory,0.394117331495138,17,19,26
27,DgOOpBixH80,-0.01987644032921811,neutral,0.39633570428972675,146,121,173
28,Djzvi2sVsdY,-0.015729238754325258,neutral,0.3933316277471822,119,109,116
29,E-iDenM-qVs,0.146644,sympathetic,0.4456494011823572,54,42,22
30,GPcb8SYe8tA,-0.02044929006085193,neutral,0.3668576539707656,87,77,108
31,GpmP2vtnXcc,0.004914642857142858,neutral,0.1125610580617768,10,189,4
32,IJAwKvrhY58,-0.08700077120822622,inflammatory,0.4049476528439275,119,105,193
33,IOueE_uol8M,-0.04521235955056179,neutral,0.37541243740274555,54,62,70
34,IoqeVMg760U,-0.035745783132530115,neutral,0.4188611732928071,51,56,68
35,JnSffnEqQgQ,-0.293,inflammatory,0.6308806701746377,1,0,1
36,LRt16Fm8HtE,0.019695161290322585,neutral,0.23443451244815267,13,100,9
37,NrEyGPb2fNI,0.1061323741007194,sympathetic,0.39164252763402646,41,26,19
38,OLgwMqMkgsg,-0.028931808731808725,neutral,0.4135722524121551,78,74,88
39,OqB0y-8Ej0c,-0.05606749633967789,inflammatory,0.4011933481232292,121,96,167
40,OybJv6v8qKo,-0.05701086474501109,inflammatory,0.40348318383453174,76,54,106
41,QnC9ZTG-s5Q,0.03451076923076924,neutral,0.383636629069047,12,12,6
42,RuHOwKXtDek,-0.024998291925465838,neutral,0.41956804075303356,117,80,117
43,SFr12qevR18,-0.10435656292286874,inflammatory,0.42277475246524104,67,53,145
44,Sy8scM6B_nU,-0.03754287581699346,neutral,0.3718879278868154,123,122,155
45,Taz-d2zn6Vg,-0.06099522998296423,inflammatory,0.3834597930844402,73,90,105
46,Tss1BYWFbtI,-0.040289237668161434,neutral,0.4134110526409637,85,72,107
47,TybnJ6mrvI4,-0.0781014492753623,inflammatory,0.31922746926037265,53,76,99
48,UGdWOPXE4Pc,-0.07176537433155081,inflammatory,0.38444695762941816,104,109,164
49,Umco8iQzKbs,-0.04351635883905012,neutral,0.41497832402936435,62,39,68
50,Uu515596U-8,-0.47354999999999997,inflammatory,0.07360981592151958,0,0,2
51,VCwKVFgL6zU,-0.05700781758957655,inflammatory,0.3440789974889643,74,114,122
52,Vm87-9F7OF4,-0.017240983606557386,neutral,0.47027480242125425,15,3,15
53,WcIOWDNlR7s,-0.055945232815964516,inflammatory,0.3557779081495986,106,122,158
54,X4jrbP6ZnP4,-0.005338775510204082,neutral,0.3472656876060421,71,76,67
55,Y1vPwS2h088,0.08467633136094674,sympathetic,0.41390243764544554,53,70,28
56,Z6DD4PaM0zg,-0.07339751243781094,inflammatory,0.40012476047325674,31,33,54
57,ZSDPc8de7cw,0.01217412451361868,neutral,0.40479933658098494,118,84,101
58,ZggP67JsVfU,-0.16418193277310925,inflammatory,0.3588009824831139,22,26,82
59,_BS6EnE31XM,-0.020438863287250388,neutral,0.38647674334797916,118,108,123
60,_eEEC7bs9QQ,0.05406615384615384,sympathetic,0.44383309830277246,8,1,2
61,a7jLOtY-1VY,-0.08902485436893205,inflammatory,0.3525425030585257,50,60,110
62,aGLmGnuYb_8,-0.1473036036036036,inflammatory,0.43542622239007295,85,91,143
63,aWOy271EIKU,0.025151798561151073,neutral,0.27905891032175717,36,86,29
64,bd04zIyOCas,-0.036605422993492405,neutral,0.40760047034694274,75,65,75
65,d6Pee6Fyvoo,-0.030469215291750503,neutral,0.38571793439938273,76,70,101
66,dR8H-nQkz4k,0.0076566801619433215,neutral,0.3988988982438954,107,71,89
67,eAF4_2edowo,-0.024288059701492528,neutral,0.38638969683363983,132,143,156
68,eE61i2y1mJ0,-0.03959019607843137,neutral,0.3945649802821675,128,118,158
69,fFsTLNhzylo,-0.09696363636363636,inflammatory,0.3587212197069104,10,7,10
70,fo6qLarJ52U,-0.10417682926829269,inflammatory,0.3984649452487239,77,76,149
71,fpVuA8E0KZs,-0.07572469879518072,inflammatory,0.37872691048086715,99,98,153
72,gc-7CsqGK9o,-0.07681908893709329,inflammatory,0.3868985217813057,54,65,107
73,iCknHYY2wmw,-0.0191613475177305,neutral,0.3912330121319105,50,37,53
74,iDuNFBjJ774,-0.050796717171717166,inflammatory,0.37134195692991323,46,60,67
75,ivQAfsLKylc,0.040208695652173915,neutral,0.3202572291324494,7,10,7
76,kJZNjjiWALs,-0.03202823529411765,neutral,0.3541390420414547,8,13,16
77,kin9OECNFRk,-0.0076975778546712805,neutral,0.39244274426830095,57,48,65
78,kzEZ-0ym5Xg,0.08710111731843576,sympathetic,0.42595695066399525,45,17,23
79,lP_9nYehuss,-0.05319516129032258,inflammatory,0.4098073728621227,105,89,144
80,lZqHWBKkcos,-0.047301986754966885,neutral,0.47769129973253543,83,32,113
81,lhdAgnXWzFA,-0.025948687350835324,neutral,0.4003279156692202,74,65,86
82,lqvigepgbqI,-0.08802263610315185,inflammatory,0.385245899303549,113,123,184
83,mMPRQSnKe9w,-0.0431940133037694,neutral,0.385140767956156,83,68,94
84,mgeeD8rYAwc,-0.011163636363636362,neutral,0.3977554566483388,110,82,100
85,mja0Lze2l0c,-0.03764773960216999,neutral,0.3984179953075885,87,86,118
86,n_cGaKsucNU,0.0,neutral,,0,1,0
87,nihE9Yt3b-U,-0.14770608591885442,inflammatory,0.364464295571828,62,103,147
88,p8UbRG5hbiM,-0.07011043360433604,inflammatory,0.39431533443558403,117,127,186
89,p8hpDXwUFvw,0.10622125984251969,sympathetic,0.374568260269832,68,53,32
90,pJGMNIsiiRo,0.08020588235294118,sympathetic,0.4021121592560935,23,15,10
91,pePQ6YdNww4,-0.054610421286031045,inflammatory,0.40699667178824817,52,38,67
92,pgZTLDI3AAA,-0.028945522388059704,neutral,0.4367781375549441,21,19,26
93,psP1uxfO6CQ,-0.0282568093385214,neutral,0.34595191394194136,46,51,49
94,qRw6gOjwCbQ,-0.0943094684385382,inflammatory,0.40744200064169256,79,107,164
95,qYbQZNOX9zc,-0.05653725029377203,inflammatory,0.40381011453283144,145,108,171
96,rWFdvIXiI-M,-0.26330000000000003,inflammatory,0.24856844127925815,0,1,2
97,rdmy9RjkNtA,-0.06886911764705883,inflammatory,0.3828637232984301,47,48,65
98,t5mmdQiyhxc,-0.1064792125984252,inflammatory,0.4219503254391212,69,74,137
99,tKdJkhBFqtI,-0.0631202806122449,inflammatory,0.37746433588189016,113,129,169
100,taaC2Q6ZX0o,0.09390000000000001,sympathetic,0.3969401214289128,3,2,1
101,usjbT_SKy68,-0.015077777777777773,neutral,0.3995594682707535,22,20,22
102,uylhZLHomUw,0.19128571428571428,sympathetic,0.253309714437823,2,2,0
103,vMKNBsd_XYg,-0.05290408163265306,inflammatory,0.34310331562994123,77,98,108
104,wHOGG1-RN5U,-0.1692482142857143,inflammatory,0.3396996630667483,3,5,14
105,wXyMT1ghH-E,0.0378857142857143,neutral,0.44102637271321027,2,1,2
106,wu2Lp8LpiVg,0.045298058252427185,neutral,0.3779821504709237,25,16,16
107,xEXaGltX3UA,-0.04286382978723405,neutral,0.37417630605222146,86,91,119
108,xHIyM7-R8Yw,-0.08581212121212121,inflammatory,0.3707422795878433,106,132,175
109,xQEZ2SRu6bA,-0.05112909090909091,inflammatory,0.35916407458344224,10,15,13
110,xXAIcenT5KQ,-0.07033024251069901,inflammatory,0.36812521805738635,85,88,142
111,ykwxUGxIDrQ,-0.07847894736842105,inflammatory,0.36250572163421624,12,15,19
112,yySFCBFXevg,0.007723389830508473,neutral,0.4130280042251182,62,51,50
113,z_1OsbwBfJ0,-0.06995560747663551,inflammatory,0.40609253739202833,96,84,171
114,zfQxhG5oWdU,-0.012357055214723928,neutral,0.39727324818786464,100,92,119
115,zfbvk0ALtIQ,-0.0020312499999999983,neutral,0.4719187829506396,11,8,9
116,zx3JMdSDTJs,-0.10592450980392157,inflammatory,0.38092203007127906,83,105,197
