video_id,type,hook_stdev,hook_compound,hook_category,overall_stdev,overall_compound,overall_category,pos_count,neu_count,neg_count,delta_compound,eng_ratio,z-score
-UScZA0z50A,transcript,0.249970084210091,-0.01876,neutral,0.3127016258833097,-0.1333277777777778,inflammatory,4,4,10,-0.1145677777777778,0.0634378393418169,-0.6962711717659456
1oVz0nI7gj8,transcript,0.4490425792728346,-0.17694,inflammatory,0.4165286915796928,-0.0990909090909091,inflammatory,3,2,6,0.0778490909090908,0.0,-0.6967142544726712
2EM-F3VfwUI,transcript,0.4437587768146113,0.10668,sympathetic,0.3605986917956186,0.0270420168067226,neutral,38,44,37,-0.0796379831932773,318.9533938825262,1.5310213454011037
3L2BXNMGTew,transcript,0.5698258128586314,-0.0065799999999999,neutral,0.4055312604001875,0.0290235294117647,neutral,7,6,4,0.0356035294117646,177.89332314137948,0.5457847956796573
3nR468SDg0s,transcript,0.2637452407153539,0.03712,neutral,0.238414783935758,0.079440909090909,sympathetic,6,12,4,0.042320909090909,0.0445969125214408,-0.6964027665513197
46xekr1CEUU,transcript,0.2485967678792304,-0.19536,inflammatory,0.2958807684892173,0.0634795454545454,sympathetic,86,133,45,0.2588395454545454,321.3901245511365,1.5480407336938231
4pM7DLEL7xA,transcript,0.4017977015862584,-0.08984,inflammatory,0.3424997870176606,-0.1555124999999999,inflammatory,1,3,4,-0.0656724999999998,43.013796513051794,-0.3962836347779811
50AKW9lBuNM,transcript,0.1549492271681275,-0.0404599999999999,neutral,0.3622730247767276,-0.0173958263772954,neutral,176,221,202,0.0230641736227045,145.44634061496424,0.3191582744732386
54oSf8j9Eh0,transcript,0.4897109218712607,-0.14472,inflammatory,0.4291206009452276,-0.0912613207547169,inflammatory,59,55,98,0.053458679245283,143.77333973011045,0.3074731703129053
5bjJBcpy9sU,transcript,0.0634957636382144,0.0136799999999999,neutral,0.3377426432321972,0.0213066666666666,neutral,9,14,7,0.0076266666666666,41.17819886190215,-0.4091043989176374
61-61BHIIp0,transcript,0.2383865306597669,-0.18894,inflammatory,0.3032536026443519,0.0313,neutral,44,74,32,0.22024,1.2302843093992308,-0.6881213120347418
6D_RgBOrjI0,transcript,0.387196606390087,-0.1488799999999999,inflammatory,0.3302133632566248,0.0396909365558912,neutral,206,309,147,0.1885709365558911,236.91842636138227,0.9580466692054626
6Krjoo3fHtY,transcript,0.2425239328396272,-0.10846,inflammatory,0.3293113241893579,-0.0800543859649122,inflammatory,10,32,15,0.0284056140350878,275.0303006935465,1.2242397270506111
6hceg0riX-Y,transcript,0.1984819563587582,0.09948,sympathetic,0.3864572571792845,-0.0338729729729729,neutral,30,39,42,-0.1333529729729728,0.0,-0.6967142544726712
7H-oD45q0MM,transcript,0.0345248895725967,-0.01544,neutral,0.3506851950651962,-0.0349123222748815,neutral,54,92,65,-0.0194723222748815,47.81203912461223,-0.3627702247073505
7N4tatSKaRI,transcript,0.4336597894663511,0.06976,sympathetic,0.3889212345278497,0.0581333333333333,sympathetic,2,2,2,-0.0116266666666667,0.1676168757126568,-0.6955435314506669
7bTckdh1-W0,transcript,0.4594690501002216,0.06376,sympathetic,0.3920912305485033,-0.0855459677419354,inflammatory,25,53,46,-0.1493059677419353,146.92758280169917,0.3295040366275663
8QB4UxnzCrg,transcript,0.2556236061086691,-0.0167399999999999,neutral,0.2404043788275852,0.0375222222222222,neutral,4,11,3,0.0542622222222221,3.46927374301676,-0.6724830508822423
8zjWbdItFTo,transcript,0.2496053184529528,-0.2636,inflammatory,0.3474317516140375,-0.1185727272727272,inflammatory,7,18,19,0.1450272727272727,1.5857425742574258,-0.6856386075202835
BMteNzu1jIA,transcript,0.2047357491988148,-0.20932,inflammatory,0.292672251532882,0.0067904069767441,neutral,90,171,83,0.2161104069767441,4.5365691172971685,-0.6650285075336904
Bn7WbKVar1I,transcript,0.4466581433266385,-0.27218,inflammatory,0.3339875616128782,-0.0158989949748743,neutral,52,97,50,0.2562810050251257,247.35601068881508,1.0309481608618605
Bu3H1o4cvgc,transcript,0.2255852832079256,0.0176,neutral,0.2756751865990139,0.0045473684210526,neutral,10,16,12,-0.0130526315789474,0.1354166666666666,-0.6957684343781508
CJHJd1gOB48,transcript,0.2266485561392351,-0.0649599999999999,inflammatory,0.3302749253090201,-0.2842083333333333,inflammatory,1,3,8,-0.2192483333333333,1.2953468392317713,-0.6876668816486549
DgOOpBixH80,transcript,0.1953687103914032,0.1665599999999999,sympathetic,0.3112066267321008,-0.0042848197343453,neutral,121,286,120,-0.1708448197343452,520.8045686251191,2.9408544322251773
Djzvi2sVsdY,transcript,0.2645951964794523,-0.4398399999999999,inflammatory,0.3870984115181992,0.0063881355932203,neutral,37,45,36,0.4462281355932202,163.52949782190066,0.4454604046297324
GPcb8SYe8tA,transcript,0.4740422628838066,-0.09028,inflammatory,0.3983279638717282,-0.0522272300469483,inflammatory,50,96,67,0.0380527699530517,75.25320572138646,-0.1711069130693609
IJAwKvrhY58,transcript,0.2264810543952849,-0.43394,inflammatory,0.3629084905918793,-0.13632109375,inflammatory,23,47,58,0.29761890625,297.27351266848024,1.3795978330388143
IOueE_uol8M,transcript,0.4185803387642568,-0.3055,inflammatory,0.3713293434293426,-0.21774375,inflammatory,2,7,7,0.0877562499999999,17.2156121459267,-0.5764715080818753
IoqeVMg760U,transcript,0.3427355321527081,-0.0396,neutral,0.3612816285037668,-0.034753725490196,neutral,55,116,84,0.004846274509804,29.927019616114745,-0.4876884586176985
JnSffnEqQgQ,transcript,0.1496378027104113,-0.10928,inflammatory,0.3007027916213763,-0.1581222222222222,inflammatory,2,8,8,-0.0488422222222221,0.1053719008264462,-0.6959782825745829
LRt16Fm8HtE,transcript,0.2352940245735109,-0.2958599999999999,inflammatory,0.3905506132316286,-0.0985181818181818,inflammatory,43,65,79,0.1973418181818181,3.1510140564439304,-0.6747059412711877
NrEyGPb2fNI,transcript,0.3342736304287252,-0.3111,inflammatory,0.388056103112717,-0.0365637554585152,neutral,60,89,80,0.2745362445414848,3.282415630550622,-0.6737881646614027
OLgwMqMkgsg,transcript,0.2900627380412727,-0.12972,inflammatory,0.3372247695682374,0.0804392424242424,sympathetic,236,302,122,0.2101592424242424,141.47369231954394,0.2914112424515469
OqB0y-8Ej0c,transcript,0.3140212062902759,-0.41226,inflammatory,0.3740388079643447,0.0125749999999999,neutral,51,79,54,0.4248349999999999,288.1165015034501,1.3156405272002922
OybJv6v8qKo,transcript,0.3080050129462181,-0.14326,inflammatory,0.3613852752235104,-0.0116694656488549,neutral,73,106,83,0.1315905343511451,43.58722987726828,-0.3922784793410995
QnC9ZTG-s5Q,transcript,0.2600408275636731,0.06948,sympathetic,0.3043618317715528,-0.0713189349112426,inflammatory,37,79,53,-0.1407989349112426,0.6005326231691078,-0.692519823784117
RuHOwKXtDek,transcript,0.4588625317020338,-0.00744,neutral,0.3973057524706646,0.0640173553719008,sympathetic,48,38,35,0.0714573553719008,161.8062623345003,0.433424436002725
SFr12qevR18,transcript,0.0684684014710435,0.03062,neutral,0.3500817198537244,0.0646298301486199,sympathetic,351,380,211,0.0340098301486198,102.77260023375172,0.0211027828235339
Sy8scM6B_nU,transcript,0.2049458416265135,-0.23006,inflammatory,0.3715430493983678,-0.0665716738197424,inflammatory,63,86,84,0.1634883261802576,96.1635837094628,-0.0250580095483293
Tss1BYWFbtI,transcript,0.2778538068841238,0.12426,sympathetic,0.2375986701630316,-0.0315521739130434,neutral,2,18,3,-0.1558121739130434,28.431905696386064,-0.4981311081355561
TybnJ6mrvI4,transcript,0.2848944681807633,-0.0630599999999999,inflammatory,0.3205598923901669,-0.0802433333333333,inflammatory,6,13,11,-0.0171833333333334,112.18713673508336,0.0868587789113267
UGdWOPXE4Pc,transcript,0.2878905521200722,-0.2655,inflammatory,0.3009590458628664,-0.0278847457627118,neutral,26,60,32,0.2376152542372882,287.94625129855325,1.3144514116441988
Umco8iQzKbs,transcript,0.2164102400534688,0.07632,sympathetic,0.3806425779834844,-0.0216999999999999,neutral,26,41,26,-0.0980199999999999,13.182159624413146,-0.604643228292151
Uu515596U-8,transcript,0.248969255130026,0.1607,sympathetic,0.2893061177085437,0.0638153846153846,sympathetic,4,6,3,-0.0968846153846154,0.0183643696902085,-0.6965859882089701
Vm87-9F7OF4,transcript,0.2006603897135655,-0.1020799999999999,inflammatory,0.2866845464892599,0.0333625748502994,neutral,103,165,66,0.1354425748502993,0.703125,-0.6918032655203538
WcIOWDNlR7s,transcript,0.2425239328396272,-0.10846,inflammatory,0.3427427284348348,-0.0703730964467005,inflammatory,47,81,69,0.0380869035532994,214.8199595204733,0.8036995381564204
X4jrbP6ZnP4,transcript,0.0,0.0,neutral,0.292282669640764,-0.0740521739130435,inflammatory,4,11,8,-0.0740521739130435,50.9600753608733,-0.3407827101434064
Y1vPwS2h088,transcript,0.4161942815561021,-0.3035,inflammatory,0.4028084806554004,-0.2709142857142857,inflammatory,2,4,8,0.0325857142857142,6.291266377096748,-0.6527727936029704
YzMffGDg8pI,transcript,0.3641046525382503,0.26554,sympathetic,0.2998307270701402,0.0629094827586206,sympathetic,108,179,61,-0.2026305172413794,0.0,-0.6967142544726712
Z6DD4PaM0zg,transcript,0.2705644248603278,-0.43706,inflammatory,0.3606364043894845,-0.1120281818181818,inflammatory,24,38,48,0.3250318181818182,6.969209312305547,-0.648037689225922
ZSDPc8de7cw,transcript,0.3735574654587966,0.27,sympathetic,0.3141971367806567,0.0736281690140845,sympathetic,47,71,24,-0.1963718309859155,220.7998554093899,0.8454662263647447
ZggP67JsVfU,transcript,0.335418794941488,-0.22386,inflammatory,0.2921228465902659,-0.1181333333333333,inflammatory,1,3,5,0.1057266666666667,8.775044150782534,-0.6354248039758307
_BS6EnE31XM,transcript,0.0,0.0,neutral,0.3827862816199374,-0.0548126436781609,inflammatory,14,48,25,-0.0548126436781609,78.76095781425855,-0.1466069567663376
_eEEC7bs9QQ,transcript,0.5053429162459884,-0.30856,inflammatory,0.3931760557184241,0.0913861111111111,sympathetic,27,29,16,0.3999461111111111,0.0927367055771725,-0.6960665333184473
a3Sy1M6NUfA,transcript,0.2923233004739786,0.2194799999999999,sympathetic,0.3604809036164692,0.0851397260273972,sympathetic,28,31,14,-0.1343402739726027,0.0,-0.6967142544726712
a7jLOtY-1VY,transcript,0.1704661198009739,0.1436599999999999,sympathetic,0.3688678113507768,-0.0058074074074074,neutral,10,6,11,-0.1494674074074073,153.74620146314012,0.3771287988197829
bd04zIyOCas,transcript,0.3046265385681294,-0.10496,inflammatory,0.3037142959993738,0.0342960431654676,neutral,78,135,65,0.1392560431654676,55.00535836762688,-0.3125283597005058
d6Pee6Fyvoo,transcript,0.2145116593567818,0.03208,neutral,0.2715843408258624,0.0251272727272727,neutral,4,4,3,-0.0069527272727272,228.1973803797088,0.89713436987227
dR8H-nQkz4k,transcript,0.6049050727180257,-0.1763799999999999,inflammatory,0.4002706244558498,-0.0348736842105263,neutral,12,14,12,0.1415063157894736,197.30486348586007,0.6813650412678656
eAF4_2edowo,transcript,0.5018332840695204,-0.32,inflammatory,0.3508381155799669,-0.0277057894736842,neutral,95,167,118,0.2922942105263158,652.4990401438425,3.8606767891456935
eE61i2y1mJ0,transcript,0.2716778275825983,-0.53828,inflammatory,0.367109479413115,0.0173516853932584,neutral,79,119,69,0.5556316853932584,471.72593536831704,2.5980638534248275
fo6qLarJ52U,transcript,0.0572433402239946,-0.0256,neutral,0.3320440443468965,0.0190456122448979,neutral,295,447,238,0.0446456122448979,65.85585454756684,-0.236742877934322
fpVuA8E0KZs,transcript,0.3592846670816889,-0.17928,inflammatory,0.3299860039478501,-0.0274203124999999,neutral,68,112,76,0.1518596875000001,233.88373514633747,0.9368508149394644
gc-7CsqGK9o,transcript,0.1371477779623133,0.01796,neutral,0.3370693845486415,0.048825,neutral,6,6,4,0.030865,92.9641369834698,-0.0474046015837141
iCknHYY2wmw,transcript,0.1615335506945848,0.07224,sympathetic,0.3727302083005682,-0.0109964071856287,neutral,47,70,50,-0.0832364071856286,10.251494988629664,-0.6251125070822383
iDuNFBjJ774,transcript,0.2435528279449861,-0.1404999999999999,inflammatory,0.1980625063674885,-0.1131249999999999,inflammatory,0,4,4,0.0273749999999999,11.682983226211006,-0.6151142522624916
ivQAfsLKylc,transcript,0.2660108400046885,-0.45782,inflammatory,0.5223947767520056,-0.2352444444444444,inflammatory,2,2,5,0.2225755555555556,0.9233517956047884,-0.6902650875858195
kJZNjjiWALs,transcript,0.2912038289583432,-0.1873,inflammatory,0.3803936392697539,-0.0598303630363036,inflammatory,88,99,116,0.1274696369636964,-0.0206971677559912,-0.6968588142055694
kin9OECNFRk,transcript,0.2281453308748614,-0.01688,neutral,0.3708965838535024,-0.0677235955056179,inflammatory,19,37,33,-0.0508435955056179,16.89878324316481,-0.5786844051360811
kzEZ-0ym5Xg,transcript,0.2612918521500431,-0.29938,inflammatory,0.3711169736848287,-0.0332122448979591,neutral,48,84,64,0.2661677551020409,4.091638029782359,-0.6681361365546009
lP_9nYehuss,transcript,0.3179551414901165,-0.0036799999999999,neutral,0.3818772198143839,0.0260701357466063,neutral,79,74,68,0.0297501357466061,234.21774665792464,0.9391837242277864
lZqHWBKkcos,transcript,0.4841085136619681,-0.12516,inflammatory,0.3935523282533658,0.0153115869017632,neutral,272,275,247,0.1404715869017632,60.984791638751176,-0.2707649026543036
lhdAgnXWzFA,transcript,0.0562511066557805,-0.04108,neutral,0.3561180479683695,-0.0483381355932203,neutral,37,35,46,-0.0072581355932202,-0.0174928369848553,-0.6968364335008346
mMPRQSnKe9w,transcript,0.2412863547737418,-0.2068,inflammatory,0.3096765070695494,-0.0583516759776536,inflammatory,65,174,119,0.1484483240223464,59.03405572755418,-0.2843898520001204
mja0Lze2l0c,transcript,0.1798870284372944,0.1208399999999999,sympathetic,0.3146775114373685,-0.0680707246376811,inflammatory,63,165,117,-0.188910724637681,100.8321870701513,0.0075499328902034
n_cGaKsucNU,transcript,0.251422874854298,-0.04342,neutral,0.2326569978888807,-0.0190666666666666,neutral,2,2,2,0.0243533333333334,0.0059790732436472,-0.6966724935302433
p8UbRG5hbiM,transcript,0.2224294225141988,-0.15764,inflammatory,0.3260593924872388,-0.0249534420289855,neutral,136,254,162,0.1326865579710145,510.3040967487547,2.867513701375121
p8hpDXwUFvw,transcript,0.2122534616914409,-0.32152,inflammatory,0.3239115778918649,-0.1882157894736842,inflammatory,2,6,11,0.1333042105263157,79.31143177360605,-0.1427621616973327
pJGMNIsiiRo,transcript,0.0,-0.2732,inflammatory,0.0,-0.2732,inflammatory,0,0,6,0.0,0.7334531912161294,-0.6915914377343895
pePQ6YdNww4,transcript,0.5241416907669146,0.18908,sympathetic,0.386639986083625,0.1145037692307692,sympathetic,555,470,275,-0.0745762307692308,13.39495119982388,-0.6031569817840786
pgZTLDI3AAA,transcript,0.2612918521500431,-0.29938,inflammatory,0.3941053159845749,-0.1123361111111111,inflammatory,9,10,17,0.1870438888888889,10.245009189428988,-0.6251578072610422
psP1uxfO6CQ,transcript,0.0596617130159703,0.0414,neutral,0.2348569343644075,0.0332190476190476,neutral,5,14,2,-0.0081809523809524,2.423819010452201,-0.6797850478838743
qRw6gOjwCbQ,transcript,0.3510650908307461,0.10146,sympathetic,0.3896343642347902,-0.093015300546448,inflammatory,79,131,156,-0.194475300546448,104.36643119595205,0.032234923264035
qYbQZNOX9zc,transcript,0.2612918521500431,-0.29938,inflammatory,0.4218143697264586,0.0202526011560693,neutral,56,63,54,0.3196326011560693,337.92930339566874,1.6635589197715484
rWFdvIXiI-M,transcript,0.1423033660880866,0.25456,sympathetic,0.1646841457370528,0.1988749999999999,sympathetic,5,3,0,-0.055685,0.0093170133361171,-0.6966491796288494
rdmy9RjkNtA,transcript,0.282761666425985,-0.3557,inflammatory,0.3173558601073004,-0.4024222222222222,inflammatory,0,2,7,-0.0467222222222221,13.71843811785692,-0.60089758170489
tKdJkhBFqtI,transcript,0.0345248895725967,-0.01544,neutral,0.3548299318965439,0.0503385245901639,sympathetic,41,48,33,0.0657785245901639,553.2065042922027,3.1671663228488196
taaC2Q6ZX0o,transcript,0.2187528811238837,0.14404,sympathetic,0.3372643785874623,-0.0114936416184971,neutral,45,79,49,-0.1555336416184971,0.4482758620689655,-0.6935832638149485
usjbT_SKy68,transcript,0.2865564255081362,-0.212,inflammatory,0.3340759811679898,-0.0420330882352941,neutral,31,56,49,0.1699669117647059,2.234920634920635,-0.6811044119163667
vMKNBsd_XYg,transcript,0.4995468566611144,-0.2626199999999999,inflammatory,0.332267734179399,-0.0523671586715867,inflammatory,62,124,85,0.2102528413284132,48.18867924528302,-0.360139575147722
wHOGG1-RN5U,transcript,0.0345248895725967,-0.01544,neutral,0.3541529190293019,-0.0096658064516129,neutral,49,53,53,0.0057741935483871,0.5950132225160559,-0.692558374135236
wXyMT1ghH-E,transcript,0.5314258414868438,0.1706,sympathetic,0.3827167701760195,-0.0060722891566265,neutral,31,20,32,-0.1766722891566265,0.1772151898734177,-0.6954764918562785
wu2Lp8LpiVg,transcript,0.2176069438230315,-0.14998,inflammatory,0.3006781929291264,-0.06812734375,inflammatory,22,62,44,0.08185265625,4.801544180726337,-0.6631777845340241
xEXaGltX3UA,transcript,0.3254204541819705,0.2021799999999999,sympathetic,0.3711913817850331,-0.0014519801980198,neutral,59,80,63,-0.2036319801980196,171.4363939434419,0.5006862599186368
xHIyM7-R8Yw,transcript,0.3374605873283575,-0.20964,inflammatory,0.2902280597053224,-0.0515130434782608,inflammatory,4,12,7,0.1581269565217392,140.99396319756656,0.2880605659457537
xQEZ2SRu6bA,transcript,0.2909985017143559,0.25576,sympathetic,0.3373466825418759,0.0152842948717948,neutral,88,138,86,-0.2404757051282051,2.001924927815207,-0.6827317745382792
xXAIcenT5KQ,transcript,0.2748385344161185,0.0268,neutral,0.3053485544792496,0.0261809523809523,neutral,74,103,54,-0.0006190476190476,134.78915566333126,0.2447229783875161
ykwxUGxIDrQ,transcript,0.1520526224699857,-0.068,inflammatory,0.2599611588203863,-0.1604533333333333,inflammatory,1,8,6,-0.0924533333333333,3.2343241147583357,-0.6741240607008779
yySFCBFXevg,transcript,0.5373804676390834,-0.0881199999999999,inflammatory,0.3686499660508573,-0.0136854166666666,neutral,31,37,28,0.0744345833333333,8.033110814419226,-0.6406068504373221
z_1OsbwBfJ0,transcript,0.4309200181008072,0.0339799999999999,neutral,0.3660291653429759,-0.013666611295681,neutral,183,230,189,-0.0476466112956809,242.0237396284521,0.9937048196804136
zfQxhG5oWdU,transcript,0.1520526224699857,-0.068,inflammatory,0.3197077980422627,-0.06555,inflammatory,6,13,13,0.00245,236.64356414529303,0.95612688921382
zfbvk0ALtIQ,transcript,0.2026241298562439,-0.02274,neutral,0.2431373728887398,0.0918733333333333,sympathetic,6,6,3,0.1146133333333333,0.1358065584630672,-0.6957657111720286
zx3JMdSDTJs,transcript,0.4412172276781585,-0.07662,inflammatory,0.3149024695840203,-0.0223478873239436,neutral,33,67,42,0.0542721126760563,408.52528233640464,2.1566377786600683
